"Review date","Review URL","Author name","Author URL","Local Guide","Author reviews","Star rating","Review content","Review image","Review video"
"2026-08-18","https://www.google.com/maps/reviews/data=!3m1!4b1!4m6!14m5!1m4!2m3!1sCi9DQUlRQUNvZENodHljRjlvT2t0TFN5MDNZVU4zYW5FdGVIZFZlRmRSV0d0QlpYYxAB!2m1!1s0x0","Raghu Hegde","https://www.google.com/maps/contrib/101353540761187414964/reviews","false","7","5","Good experience, good work by the doctor.","",""
"2026-08-13","https://www.google.com/maps/reviews/data=!3m1!4b1!4m6!14m5!1m4!2m3!1sCi9DQUlRQUNvZENodHljRjlvT2pOVWJqbFZaMmgyVGs5SmQxVnFXV3B0UVhSRU1rRRAB!2m1!1s0x0","manjunatha GN","https://www.google.com/maps/contrib/107046396306062916303/reviews","false","2","5","I have got my wisdom tooth removed here from Apex Dental. Done wonderful without complications","",""
"2026-08-12","https://www.google.com/maps/reviews/data=!3m1!4b1!4m6!14m5!1m4!2m3!1sCi9DQUlRQUNvZENodHljRjlvT2paTFJsbzJOVE40T1RkYVV6bEVPRTkwVDFGMmRVRRAB!2m1!1s0x0","Gopal Ks","https://www.google.com/maps/contrib/108933612712944066329/reviews","false","4","5","Best dental clinic in bangalore with all the advance treatment procedure.thank you doc Jyoti","",""
"2026-08-12","https://www.google.com/maps/reviews/data=!3m1!4b1!4m6!14m5!1m4!2m3!1sCi9DQUlRQUNvZENodHljRjlvT2xwNk4zSnlMVGRVTVdkUmIydERYMWhDU0dFeFMyYxAB!2m1!1s0x0","Shobha R Ammu","https://www.google.com/maps/contrib/104030013980299518337/reviews","false","3","5","Good experience","",""
"2026-08-08","https://www.google.com/maps/reviews/data=!3m1!4b1!4m6!14m5!1m4!2m3!1sCi9DQUlRQUNvZENodHljRjlvT2t0UmVGOU9OMFJNTVdsMGJVaE9Xa3hEU1VobFZrRRAB!2m1!1s0x0","Anil Chwan","https://www.google.com/maps/contrib/102442654134660828661/reviews","false","2","5","Very professional and caring dentist. Got my treatment done comfortably. Thank you doctor. And price is also lesser compare to other doctors in our area.","",""
"2026-08-05","https://www.google.com/maps/reviews/data=!3m1!4b1!4m6!14m5!1m4!2m3!1sCi9DQUlRQUNvZENodHljRjlvT2preVNETmxhbTl4YVhSV1lVMDJhMnAxY1dkdVltYxAB!2m1!1s0x0","Chandra Shekar","https://www.google.com/maps/contrib/109823428668993591461/reviews","false","4","5","The treatment and the hospitality was good. The doctor was very patient and explained the procedure in detail and also follow up regarding any issues after clinic visit.","",""
"2026-07-29","https://www.google.com/maps/reviews/data=!3m1!4b1!4m6!14m5!1m4!2m3!1sCi9DQUlRQUNvZENodHljRjlvT2xWbU5rZG1TWEZPTUcxVlRXRm9UVTl4TWtoclJVRRAB!2m1!1s0x0","Shanthi M","https://www.google.com/maps/contrib/114874428428761539884/reviews","false","1","5","","",""
"2026-07-25","https://www.google.com/maps/reviews/data=!3m1!4b1!4m6!14m5!1m4!2m3!1sCi9DQUlRQUNvZENodHljRjlvT2pJM1pVaFJhV1p0VUdGT2NXRkplVWcwT1dsTldsRRAB!2m1!1s0x0","Meenakshi s","https://www.google.com/maps/contrib/106930437521961980018/reviews","false","3","5","Right from the consultation to the treatment, everything was handled perfectly. Dr. Jyothi was very friendly, professional, and provided excellent care throughout the treatment. I had a very positive experience and highly recommend her.","",""
"2026-07-22","https://www.google.com/maps/reviews/data=!3m1!4b1!4m6!14m5!1m4!2m3!1sCi9DQUlRQUNvZENodHljRjlvT2s0MUxUVXRjMm93ZWxKNldYcEdkazF2WjFGMVdFRRAB!2m1!1s0x0","Prity Choudhary","https://www.google.com/maps/contrib/112807912955979425339/reviews","false","1","5","The doctor personally handles everything with great care and perfection. She did a wonderful job making and fitting my father's artificial teeth and cap. My father is very comfortable now. Excellent work and highly recommended! Thanks you Ma'am.","",""
"2026-07-15","https://www.google.com/maps/reviews/data=!3m1!4b1!4m6!14m5!1m4!2m3!1sCi9DQUlRQUNvZENodHljRjlvT2pkeWNYTkpWak5vUlZFM1FrdG1kalpMY21OdlZYYxAB!2m1!1s0x0","MOHANKUMAR CM","https://www.google.com/maps/contrib/106229127272553017357/reviews","false","7","5","Amazing care and services. Best in class.","",""
"2026-07-15","https://www.google.com/maps/reviews/data=!3m1!4b1!4m6!14m5!1m4!2m3!1sCi9DQUlRQUNvZENodHljRjlvT2paS2IxWjFUbGRIUjFSc2QwNVBhV053WlhSd2JGRRAB!2m1!1s0x0","Shruti Shru","https://www.google.com/maps/contrib/101456681673567036910/reviews","false","6","5","Thank you so much mam doctor was very friendly and tritment was very nice","",""
"2026-07-15","https://www.google.com/maps/reviews/data=!3m1!4b1!4m6!14m5!1m4!2m3!1sCi9DQUlRQUNvZENodHljRjlvT2xWdk5FbDBhRlpTZW5VNVgwdENkMFZRY0RCSU5GRRAB!2m1!1s0x0","digital sachi","https://www.google.com/maps/contrib/113723911012061479258/reviews","false","2","5","I had a very good experience with the treatment. My teeth alignment was completed within just 7 months, and I'm really happy with the results. Dr Jyothi was very professional and explained every step of the process clearly & also friendly supportive throughout my visits. I highly recommend this clinic to anyone looking for quality dental care and teeth alignment treatment.","",""
"2026-07-15","https://www.google.com/maps/reviews/data=!3m1!4b1!4m6!14m5!1m4!2m3!1sCi9DQUlRQUNvZENodHljRjlvT2pSSlVsRk9WbTlKWkhWbllXNHhVMW96YlhwSVgxRRAB!2m1!1s0x0","Toasif Pasha","https://www.google.com/maps/contrib/110161641384088857620/reviews","false","2","4","Excellent dental clinic. The doctor is very kind, patient, and listens carefully to every concern. The check-up was thorough, and everything went very well. Highly recommended!","",""
"2026-07-15","https://www.google.com/maps/reviews/data=!3m1!4b1!4m6!14m5!1m4!2m3!1sCi9DQUlRQUNvZENodHljRjlvT205alJHSXdOamhQV210NWJERXdURGhVZHpKR01rRRAB!2m1!1s0x0","Chaithra S","https://www.google.com/maps/contrib/111801161279695144818/reviews","false","1","5","","",""
"2026-07-15","https://www.google.com/maps/reviews/data=!3m1!4b1!4m6!14m5!1m4!2m3!1sCi9DQUlRQUNvZENodHljRjlvT2xKbE5tbG1lVkUzU0RGdmQwODFlSFIzU1RaM2RsRRAB!2m1!1s0x0","NARAYANASWAMY SWAMY","https://www.google.com/maps/contrib/113353802833274456139/reviews","false","3","5","Good treatment and Good hospitality","",""
"2026-07-15","https://www.google.com/maps/reviews/data=!3m1!4b1!4m6!14m5!1m4!2m3!1sCi9DQUlRQUNvZENodHljRjlvT21ZellVcFNUVW80VjJvMU9WZEZVa1UyTkU5UFowRRAB!2m1!1s0x0","Madduri Phanikumar","https://www.google.com/maps/contrib/109762737960870004261/reviews","false","3","5","","",""
"2026-07-15","https://www.google.com/maps/reviews/data=!3m1!4b1!4m6!14m5!1m4!2m3!1sCi9DQUlRQUNvZENodHljRjlvT2s1M00xUlVXVzE0U21jeWIyNVZZMmR4WTFjd1ZuYxAB!2m1!1s0x0","Hashim","https://www.google.com/maps/contrib/114908180564856105222/reviews","false","2","5","Had a good experience fixing my teeth and well clean maintained clinic","",""
"2026-07-15","https://www.google.com/maps/reviews/data=!3m1!4b1!4m6!14m5!1m4!2m3!1sCi9DQUlRQUNvZENodHljRjlvT2t0TU1UWXdYemxwUm1vNFZsUlpTRmxhTFU1Q2JIYxAB!2m1!1s0x0","Bhagyashree Kolakur","https://www.google.com/maps/contrib/114043126925938524664/reviews","false","1","5","Wisdom tooth was removed without much pain and recovery was extremely good and doc enquired post treatment also. Thanks Dr Jyoti sajjan and Apex dental team","",""
"2026-07-15","https://www.google.com/maps/reviews/data=!3m1!4b1!4m6!14m5!1m4!2m3!1sCi9DQUlRQUNvZENodHljRjlvT2pKMVJuSm5lRGMyTWtOelRrVkRYM2xyT1dNNFRuYxAB!2m1!1s0x0","MADHU SUDHAN.KN.","https://www.google.com/maps/contrib/113432342309919623960/reviews","false","1","5","Very nicely treated.Thanks Dr","",""
"2026-07-15","https://www.google.com/maps/reviews/data=!3m1!4b1!4m6!14m5!1m4!2m3!1sCi9DQUlRQUNvZENodHljRjlvT20xc2RYcGhRVmxoYlhScE0zZGpWV013VVVaNGNIYxAB!2m1!1s0x0","Mahalakshmi Nagaradjane","https://www.google.com/maps/contrib/102031660395906410020/reviews","false","5","5","Good treatment 😄 we are happy with her treatment","",""
"2026-06-15","https://www.google.com/maps/reviews/data=!3m1!4b1!4m6!14m5!1m4!2m3!1sCi9DQUlRQUNvZENodHljRjlvT2xjeFR6Um9ia3g0WjJndGNEUkZXRlpRVGpOaFFsRRAB!2m1!1s0x0","suchitha sv","https://www.google.com/maps/contrib/116597383950960360045/reviews","false","2","5","","",""
"2026-06-15","https://www.google.com/maps/reviews/data=!3m1!4b1!4m6!14m5!1m4!2m3!1sCi9DQUlRQUNvZENodHljRjlvT21KVllsaFBObWxJUkRSbWQyaEpTall3TVdacVgxRRAB!2m1!1s0x0","M Anirudh","https://www.google.com/maps/contrib/115707565790909122918/reviews","false","1","5","","",""
"2026-06-15","https://www.google.com/maps/reviews/data=!3m1!4b1!4m6!14m5!1m4!2m3!1sCi9DQUlRQUNvZENodHljRjlvT25OVlFuaG1TMjVJZEhVMWExOXhVV1Z4WDB0Mk5GRRAB!2m1!1s0x0","INDUMATHI R","https://www.google.com/maps/contrib/108341827404384657445/reviews","false","10","5","Just finished my root canal treatment.i must admit it was totally pain less as I was scared of pain and delayed my treatment but after coming to Dr Jyoti she explained everything in detail and got my treatment from her.. my husband got his implant fixed in lower jaw and it was worth and cost effective.Thank you so much ma'am.. too happy 😁","",""
"2026-06-15","https://www.google.com/maps/reviews/data=!3m1!4b1!4m6!14m5!1m4!2m3!1sCi9DQUlRQUNvZENodHljRjlvT21Ga1gyTk5YME5vU205cVZrdEtVRVJWVlVKeFFVRRAB!2m1!1s0x0","Sunitha P","https://www.google.com/maps/contrib/112037308464846194856/reviews","false","1","5","I had a very good experience with my braces treatment. The doctor was very friendly and caring. I am happy with the results, and my teeth look nice and well aligned. Thank you for the excellent care and support.","",""
"2026-06-15","https://www.google.com/maps/reviews/data=!3m1!4b1!4m6!14m5!1m4!2m3!1sCi9DQUlRQUNvZENodHljRjlvT2xNM2QwRmFSR3hmYzNCaVZIQjVWMU5UVkdwdGJXYxAB!2m1!1s0x0","Roopa Avinash","https://www.google.com/maps/contrib/103645300442862072634/reviews","false","1","5","I just got my implant placed here by Dr Jyoti and its done quickly without any pain .and its cost effective too. Thank you doc","",""
"2026-06-15","https://www.google.com/maps/reviews/data=!3m1!4b1!4m6!14m5!1m4!2m3!1sChZDSUhNMG9nS0VJQ0FnTURJbnRMRE9nEAE!2m1!1s0x0","Chaitra BN","https://www.google.com/maps/contrib/118162676528010470282/reviews","false","7","5","Very approachable doctor . Had taken my father for tooth ache … extraction was done with at most care for him as he was quite aged… This time I had visited took root canal treatment with cap insertion she was very patient and made me feel comfortable…Recommended her to one of my friend as well and she too had good experience with the doctor Jyothi ..Thanks again doctor !","",""
"2026-06-15","https://www.google.com/maps/reviews/data=!3m1!4b1!4m6!14m5!1m4!2m3!1sCi9DQUlRQUNvZENodHljRjlvT21KeVZIZHlPWEJMWjFwUmVYRldlbEJzVDBVeFQwRRAB!2m1!1s0x0","Sreeja Samvith","https://www.google.com/maps/contrib/101300881951053016315/reviews","false","13","5","Good service","",""
"2026-06-15","https://www.google.com/maps/reviews/data=!3m1!4b1!4m6!14m5!1m4!2m3!1sCi9DQUlRQUNvZENodHljRjlvT21WblFtWjRTa2xRYVdOYWRXeEVNa3h4ZWxaVFJWRRAB!2m1!1s0x0","Chaithra jairam","https://www.google.com/maps/contrib/113434332337183137911/reviews","true","6","5","","",""
"2026-05-15","https://www.google.com/maps/reviews/data=!3m1!4b1!4m6!14m5!1m4!2m3!1sCi9DQUlRQUNvZENodHljRjlvT25aaU5VRnRWVlpVTURSUWJsVmlRWE53TVRRd1oxRRAB!2m1!1s0x0","Shivaraju V","https://www.google.com/maps/contrib/106180601647583065379/reviews","false","6","5","Really had great experience, painless surgery was made very smoothly while removing my wisdom tooth which was very complicated to remove.","",""
"2026-05-15","https://www.google.com/maps/reviews/data=!3m1!4b1!4m6!14m5!1m4!2m3!1sCi9DQUlRQUNvZENodHljRjlvT2xreWRXSnpXWFpJU1VsNWJrVXRhV0ZRU2xReFUwRRAB!2m1!1s0x0","shwetha","https://www.google.com/maps/contrib/110308541337691710419/reviews","false","8","5","I had a wonderful experience. The dentist was patient, gentle and took time to explain every step of the treatment. The clinic is clean and organized. Truly satisfied with the care received.","",""
"2026-05-15","https://www.google.com/maps/reviews/data=!3m1!4b1!4m6!14m5!1m4!2m3!1sCi9DQUlRQUNvZENodHljRjlvT2xSWE5ERmpRMnRaWTI5WGNEZGZYM2xoWmxKdlkzYxAB!2m1!1s0x0","marilinga haligi","https://www.google.com/maps/contrib/102889556939895942715/reviews","false","1","5","","",""
"2026-05-15","https://www.google.com/maps/reviews/data=!3m1!4b1!4m6!14m5!1m4!2m3!1sCi9DQUlRQUNvZENodHljRjlvT2xkQllXMTFlRWt6WmxOSFEyeFhRbUl6VFVSS2NsRRAB!2m1!1s0x0","Mohan Kumar","https://www.google.com/maps/contrib/112006326499090786483/reviews","false","2","5","","",""
"2026-05-15","https://www.google.com/maps/reviews/data=!3m1!4b1!4m6!14m5!1m4!2m3!1sCi9DQUlRQUNvZENodHljRjlvT2xreWJrUldibDlXY1VvelgyTkNPRzExV1d0SlZVRRAB!2m1!1s0x0","Anjana Biju","https://www.google.com/maps/contrib/112027151737491985694/reviews","false","1","5","","",""
"2026-05-15","https://www.google.com/maps/reviews/data=!3m1!4b1!4m6!14m5!1m4!2m3!1sCi9DQUlRQUNvZENodHljRjlvT205R1dYZHJOMjk1VkhCbVJtb3hWRVJ0WDBGTldXYxAB!2m1!1s0x0","Manjula TR","https://www.google.com/maps/contrib/108969356171388124862/reviews","false","1","5","","",""
"2026-05-15","https://www.google.com/maps/reviews/data=!3m1!4b1!4m6!14m5!1m4!2m3!1sCi9DQUlRQUNvZENodHljRjlvT2xaQmNraFFhREJGYjNGNWExbFlhRWRYVXpnNVRIYxAB!2m1!1s0x0","Manohar YS","https://www.google.com/maps/contrib/117859195211846125451/reviews","true","3","5","Had a very good experience at Apex Dental & Orthodontic Clinic. The doctors and staff were extremely professional, friendly, and caring throughout the treatment. The clinic is well-maintained, hygienic, and the hospitality provided made me feel comfortable from the moment I walked in. They clearly explain the treatment process and ensure quality service at an affordable cost. Highly recommended for anyone looking for reliable dental care in Bengaluru.","",""
"2026-05-15","https://www.google.com/maps/reviews/data=!3m1!4b1!4m6!14m5!1m4!2m3!1sCi9DQUlRQUNvZENodHljRjlvT2xwa2MxOHdRM1pRVTA5TlFtdHNlRUZKTm1wbmNGRRAB!2m1!1s0x0","Narshima Murthy. Divya.","https://www.google.com/maps/contrib/115539781287004596885/reviews","false","3","5","Its a excellent service and treatment for all and especially i took treatment for my 4 year kid and Dr Jyothi mam handled very beautifully and well behaved with kid... I suggest for everyone to take treatment with her for dental","",""
"2026-05-15","https://www.google.com/maps/reviews/data=!3m1!4b1!4m6!14m5!1m4!2m3!1sCi9DQUlRQUNvZENodHljRjlvT2t3dGJIVnpNRWh5YWt0TFJ6QmtabWRtZG1WUlJsRRAB!2m1!1s0x0","hemanthakumar g","https://www.google.com/maps/contrib/111227525423282718889/reviews","false","1","5","","",""
"2026-05-15","https://www.google.com/maps/reviews/data=!3m1!4b1!4m6!14m5!1m4!2m3!1sCi9DQUlRQUNvZENodHljRjlvT25SWGNISm9lRmRIYUhGZlZUSk1PRWRYVVhCM1kxRRAB!2m1!1s0x0","Swathi Kumar","https://www.google.com/maps/contrib/114645856553879071544/reviews","false","1","5","","",""
"2026-05-15","https://www.google.com/maps/reviews/data=!3m1!4b1!4m6!14m5!1m4!2m3!1sCi9DQUlRQUNvZENodHljRjlvT2xwUWVVZERRVXd5YUUxUE56VkJUMnBKUTAxcGFGRRAB!2m1!1s0x0","Aditya B","https://www.google.com/maps/contrib/111287609880778294253/reviews","false","1","5","","",""
"2026-05-15","https://www.google.com/maps/reviews/data=!3m1!4b1!4m6!14m5!1m4!2m3!1sCi9DQUlRQUNvZENodHljRjlvT21oeWJEUnNNM0ZMTWtaMFoxSjBlRmwwVUV0MlIzYxAB!2m1!1s0x0","Ranganath HA","https://www.google.com/maps/contrib/101614801858129813203/reviews","false","1","5","I have undergone braces treatment from Dr Jyoti . I stay in chikabanavar and it's little far for me some one suggested me so I had come and today I have removed my braces and results are very good and I'm happy. Thank you doc","",""
"2026-05-15","https://www.google.com/maps/reviews/data=!3m1!4b1!4m6!14m5!1m4!2m3!1sCi9DQUlRQUNvZENodHljRjlvT2s4emJWOXNaWFJzTWpkc1dWVktkRGxJYld0YU9HYxAB!2m1!1s0x0","Awadhesh Kumar","https://www.google.com/maps/contrib/113415354616719059382/reviews","true","21","5","","",""
"2026-05-15","https://www.google.com/maps/reviews/data=!3m1!4b1!4m6!14m5!1m4!2m3!1sCi9DQUlRQUNvZENodHljRjlvT21ObWVsRXpaRk4zTVhoSmFXSnJTR1pZTUU5VlgwRRAB!2m1!1s0x0","veera Sekar","https://www.google.com/maps/contrib/106430189018639747182/reviews","false","2","5","I have undergone braces treatment done here and my smile is more confident now ,Thank you Dr Jyoti and Thank you Apex dental","",""
"2026-05-15","https://www.google.com/maps/reviews/data=!3m1!4b1!4m6!14m5!1m4!2m3!1sCi9DQUlRQUNvZENodHljRjlvT25OcGFHdFVTRVoxUjNGV1FVWnpabGx0ZFhKclgxRRAB!2m1!1s0x0","Nagaraj B","https://www.google.com/maps/contrib/105017187853138291262/reviews","false","1","5","Got my wisdom tooth removed and cleaning done at affordable prices.best clinic near sambhram college. Thankyou doc","",""
"2026-05-15","https://www.google.com/maps/reviews/data=!3m1!4b1!4m6!14m5!1m4!2m3!1sCi9DQUlRQUNvZENodHljRjlvT2pGWGR6ZGFWbU40VldWRWQwVXdhbk5YYzNSYWRHYxAB!2m1!1s0x0","Sharnu Gounali","https://www.google.com/maps/contrib/102819478371230402918/reviews","false","1","5","I highly recommend Dr Jyoti for any dental work her expertise and friendly nature are truly commendable","",""
"2026-05-15","https://www.google.com/maps/reviews/data=!3m1!4b1!4m6!14m5!1m4!2m3!1sCi9DQUlRQUNvZENodHljRjlvT25GT01WTTFlbEpFYkc1RFprcEpjV1kzUlhkaGMyYxAB!2m1!1s0x0","Pushpa Sajjan","https://www.google.com/maps/contrib/101797617979776914530/reviews","false","1","5","She is very punctual and respects the patients time Dr jyoti's diagnosis was spot on and very helpful","",""
"2026-05-15","https://www.google.com/maps/reviews/data=!3m1!4b1!4m6!14m5!1m4!2m3!1sChdDSUhNMG9nS0VJQ0FnSUR4X3AyUXRRRRAB!2m1!1s0x0","Sagar Sajjan","https://www.google.com/maps/contrib/108982991988040641502/reviews","false","3","5","Absolutely amazing experience! The clinic is clean, well-maintained, and very welcoming. The doctor Dr.Jyothi Sajjan is very kind, patient, and explains everything in detail. I felt completely comfortable during the entire process. Definitely one of the best dental clinics around.","",""
"2026-05-15","https://www.google.com/maps/reviews/data=!3m1!4b1!4m6!14m5!1m4!2m3!1sCi9DQUlRQUNvZENodHljRjlvT25sMGQyZ3pRamRTUlhkWmJXNWlWVXBZVW5OemJsRRAB!2m1!1s0x0","selvakumar Chandran","https://www.google.com/maps/contrib/107728298814930236050/reviews","false","1","5","","",""
"2026-05-15","https://www.google.com/maps/reviews/data=!3m1!4b1!4m6!14m5!1m4!2m3!1sCi9DQUlRQUNvZENodHljRjlvT2xkaVRHUnNabEUzVjBwMmVYUjZORnB5TUhkdmMxRRAB!2m1!1s0x0","Gayathri Segar","https://www.google.com/maps/contrib/103833104243242717271/reviews","false","5","4","Thank you, doctor, for the excellent cleaning. My teeth feel so fresh and clean","",""
"2026-04-15","https://www.google.com/maps/reviews/data=!3m1!4b1!4m6!14m5!1m4!2m3!1sCi9DQUlRQUNvZENodHljRjlvT25ONlNXTkNZMmRUZG5NeGIwdGhjR3gyYkU0M2FuYxAB!2m1!1s0x0","Raghu R","https://www.google.com/maps/contrib/112038361737764317164/reviews","false","4","5","Experienced Orthodontist and consulted with at most care. Thank you","",""
"2026-04-15","https://www.google.com/maps/reviews/data=!3m1!4b1!4m6!14m5!1m4!2m3!1sCi9DQUlRQUNvZENodHljRjlvT25KTVkxUlpNR2N4VFV0MVUxQklaVnBuZGxscFIwRRAB!2m1!1s0x0","NANDA KISHORE","https://www.google.com/maps/contrib/110861268408978601668/reviews","false","8","5","Very happy with the treatment.Highly skilled doctor with a gentle approach.Great experience overall.","",""
"2026-04-15","https://www.google.com/maps/reviews/data=!3m1!4b1!4m6!14m5!1m4!2m3!1sCi9DQUlRQUNvZENodHljRjlvT2s5alNXWnpNSGxuUmxWbGVsOUJNRXhUWWxoS2QyYxAB!2m1!1s0x0","Jotham S A","https://www.google.com/maps/contrib/108114253224785001664/reviews","false","4","5","Very good dental…really neat environmentGood doctors…Worth coming n getting ur teeth issues fixed here","",""
"2026-04-15","https://www.google.com/maps/reviews/data=!3m1!4b1!4m6!14m5!1m4!2m3!1sCi9DQUlRQUNvZENodHljRjlvT21OUVduZEZNbUpCY2kweVpIaEdlVEpETVhKRVgzYxAB!2m1!1s0x0","Nagamma Hudgi","https://www.google.com/maps/contrib/104905395107576138836/reviews","false","3","5","I visited Dr. Jyoti Sajjan for a dental check-up. She was very friendly and explained the treatment clearly. The procedure was smooth and comfortable, and I had a good experience.","",""
"2026-04-15","https://www.google.com/maps/reviews/data=!3m1!4b1!4m6!14m5!1m4!2m3!1sCi9DQUlRQUNvZENodHljRjlvT2xocFpXaGphbWt0VW5ac2NuUnVaMUJxZHpGSE1GRRAB!2m1!1s0x0","Kumari Bai","https://www.google.com/maps/contrib/104029136208777064728/reviews","false","2","5","Cap tratment done Good treatment","",""
"2026-04-15","https://www.google.com/maps/reviews/data=!3m1!4b1!4m6!14m5!1m4!2m3!1sCi9DQUlRQUNvZENodHljRjlvT2w5cFFWbE9UbWhyYkdaall6RnFRemx3V2pSa05uYxAB!2m1!1s0x0","Pushpa Latha","https://www.google.com/maps/contrib/112992627102582763544/reviews","false","1","5","I have undergone painless Implant done by Dr Jyoti. Now I can eat properly.Thank you doc.best dental clinic near vidyaranyapura Yelahanka .must visit for all your dental needs and I got braces also fixed from her for my son recently..it's going well","",""
"2026-04-15","https://www.google.com/maps/reviews/data=!3m1!4b1!4m6!14m5!1m4!2m3!1sCi9DQUlRQUNvZENodHljRjlvT2tKYWRuWlpOa1kwWjB4d1VWOHhSRGM1Y0dSTU0zYxAB!2m1!1s0x0","Laiba Mani","https://www.google.com/maps/contrib/113256430470147063348/reviews","false","8","5","Very kind and got done so easy and fast,  wish I got to know about her sooner","",""
"2026-04-15","https://www.google.com/maps/reviews/data=!3m1!4b1!4m6!14m5!1m4!2m3!1sCi9DQUlRQUNvZENodHljRjlvT21WamJEQkNXREZ1WmtsQ015MTBaRWx0WTBkWGFYYxAB!2m1!1s0x0","mala manesh","https://www.google.com/maps/contrib/111731528153347325691/reviews","false","2","5","","",""
"2026-04-15","https://www.google.com/maps/reviews/data=!3m1!4b1!4m6!14m5!1m4!2m3!1sCi9DQUlRQUNvZENodHljRjlvT210SGVFaDJRV3RCVlU5WFoyTjRkbXgxZUdaTU1GRRAB!2m1!1s0x0","Manjunath Kumar","https://www.google.com/maps/contrib/101449101794815888112/reviews","false","1","5","Thank you so much for helping me with the food trap issue which was going for years and I thought it would last forever. The way things were explained and the environment created by Dr Jyoti Sajjan made me feel good and confident to get the treatment. Even the post treatment follow ups are great to ensure everything is fixed. Thank you again.","",""
"2026-04-15","https://www.google.com/maps/reviews/data=!3m1!4b1!4m6!14m5!1m4!2m3!1sCi9DQUlRQUNvZENodHljRjlvT21obU9UaHVSbVl3VlhWSFdXbFJiblI1ZWtaVllsRRAB!2m1!1s0x0","Lalitha Kumar","https://www.google.com/maps/contrib/115432020647561161775/reviews","false","3","5","","",""
"2026-04-15","https://www.google.com/maps/reviews/data=!3m1!4b1!4m6!14m5!1m4!2m3!1sCi9DQUlRQUNvZENodHljRjlvT2sxNWVGVmtSMm93TTB0UU4ybEZlSGM1WW5kV1VYYxAB!2m1!1s0x0","Mahesh Hv","https://www.google.com/maps/contrib/109231429849983338639/reviews","false","1","5","","",""
"2026-04-15","https://www.google.com/maps/reviews/data=!3m1!4b1!4m6!14m5!1m4!2m3!1sCi9DQUlRQUNvZENodHljRjlvT25KdE4wVnFTWFJCVVc4MVlVMXpWSEV5ZDB0YVgxRRAB!2m1!1s0x0","Lakshmi Shekar","https://www.google.com/maps/contrib/115659410954674342233/reviews","true","15","5","Good communication.sooper treatment.","",""
"2026-04-15","https://www.google.com/maps/reviews/data=!3m1!4b1!4m6!14m5!1m4!2m3!1sCi9DQUlRQUNvZENodHljRjlvT25CS05rSjNhRmN4T0dwemFYbDFPSFkyUzFCWE1IYxAB!2m1!1s0x0","Saraswthi Saraswthi","https://www.google.com/maps/contrib/105812123438571613542/reviews","false","1","5","Very much satisfied with my braces treatment.thank you doc Jyoti","",""
"2026-04-15","https://www.google.com/maps/reviews/data=!3m1!4b1!4m6!14m5!1m4!2m3!1sCi9DQUlRQUNvZENodHljRjlvT2twclJVcFlhbTlJU1RRNVduVkZhamR2ZEZwSWJFRRAB!2m1!1s0x0","Prema Shastry","https://www.google.com/maps/contrib/112152268985971622563/reviews","false","2","5","got my front teeth replaced by bridge at affordable prices.thank you Dr Jyoti.recommend everyone","",""
"2026-04-15","https://www.google.com/maps/reviews/data=!3m1!4b1!4m6!14m5!1m4!2m3!1sCi9DQUlRQUNvZENodHljRjlvT2xaSlNEZE9iV05XV0RNNVlWRnFhM1JoUzJOMFEwRRAB!2m1!1s0x0","RAVINDRA SHASTRY","https://www.google.com/maps/contrib/104829817962975070865/reviews","true","18","5","Good treatment at affordable price...","",""
"2026-04-15","https://www.google.com/maps/reviews/data=!3m1!4b1!4m6!14m5!1m4!2m3!1sCi9DQUlRQUNvZENodHljRjlvT210d2MwOTVkRjl4ZWtsVWJtTkVSSEp4ZUZGamQzYxAB!2m1!1s0x0","Veena.B Veena","https://www.google.com/maps/contrib/109162795916470784919/reviews","false","1","5","","",""
"2026-04-15","https://www.google.com/maps/reviews/data=!3m1!4b1!4m6!14m5!1m4!2m3!1sCi9DQUlRQUNvZENodHljRjlvT21WUlJqRmtjblI0WmpCWFJVYzBlWFJyVUdFM1QyYxAB!2m1!1s0x0","Mustakin M.G","https://www.google.com/maps/contrib/104074237040548580500/reviews","false","1","5","","",""
"2026-04-15","https://www.google.com/maps/reviews/data=!3m1!4b1!4m6!14m5!1m4!2m3!1sCi9DQUlRQUNvZENodHljRjlvT25ocWJYRlpWVXB4ZUVWWE5ETk1hVGRrVldOU09WRRAB!2m1!1s0x0","Gold Dubai","https://www.google.com/maps/contrib/100700677123792905874/reviews","false","2","5","","",""
"2026-04-15","https://www.google.com/maps/reviews/data=!3m1!4b1!4m6!14m5!1m4!2m3!1sCi9DQUlRQUNvZENodHljRjlvT25kRU1VdzNhaTFGVUdScFgyY3lWMFV0UkMxQ1JWRRAB!2m1!1s0x0","Varalakshmi K","https://www.google.com/maps/contrib/110087472406318136068/reviews","false","2","5","Exceptional experience! The painless procedure and professional care made my  son recovery smooth and easy. Highly recommend for anyone seeking a comfortable, expert dentist."" ☆☆☆☆☆","",""
"2026-04-15","https://www.google.com/maps/reviews/data=!3m1!4b1!4m6!14m5!1m4!2m3!1sCi9DQUlRQUNvZENodHljRjlvT2xaNExYbFJiWGhLY1Zwc1ZGUmtOREJzTVhWcVNHYxAB!2m1!1s0x0","Rajeshwari Thangam","https://www.google.com/maps/contrib/115563276078377867662/reviews","false","10","5","I recently had a root canal and crown treatment done by Dr. Jyoti, and I must say it was an exceptional experience. Dr. Jyoti is not only highly skilled and knowledgeable but also incredibly warm, friendly, and approachable. She made me feel completely at ease throughout the entire procedure with her interactive and caring nature.The quality of care and professionalism she provides is truly commendable. The clinic is well-maintained, and the services are efficient, thorough, and delivered with a personal touch. I also found the treatment to be very reasonably priced, which is a bonus for such high standards of dental care.What impressed me most was her dedication—she’s flexible with appointment timings, takes time to explain every step clearly, and follows up regularly to ensure smooth recovery and patient comfort.Dr. Jyoti goes above and beyond for her patients, and I wholeheartedly recommend her to anyone looking for trustworthy, compassionate, and top-notch dental treatment.I would like to express my sincere thanks to Dr. Monika for the excellent care during my root canal treatment a couple of days ago.Dr. Monika is extremely kind and patient-friendly. She speaks very calmly with her patients and clearly explains every step of the procedure, which made me feel comfortable and confident throughout the treatment. She also ensures to give short pauses during the procedure so the patient can relax.What I appreciated the most is her dedication to making sure both the doctor and the patient are completely satisfied with the treatment outcome. I have rarely seen a doctor who is so committed to patient comfort and quality of care.I would also like to appreciate Dr. Jyoti, who is equally patient-friendly and supportive.The treatment was done at Apex Dental & Orthodontic Clinic, and the cost is also very reasonable. I am truly grateful for the excellent care and highly recommend the doctors at this clinic to anyone looking for professional and compassionate dental treatment.","",""
"2026-03-15","https://www.google.com/maps/reviews/data=!3m1!4b1!4m6!14m5!1m4!2m3!1sChdDSUhNMG9nS0VMYWc2OFRUenNETnNBRRAB!2m1!1s0x0","Asha Veeraraghavan","https://www.google.com/maps/contrib/113098477228832905062/reviews","false","2","5","Good one","",""
"2026-03-15","https://www.google.com/maps/reviews/data=!3m1!4b1!4m6!14m5!1m4!2m3!1sCi9DQUlRQUNvZENodHljRjlvT2tSQ01XUlNPVkpQY0dkUGJFTXlkSGxGZFd0clUyYxAB!2m1!1s0x0","kumar swamy","https://www.google.com/maps/contrib/106056323283917472316/reviews","false","2","5","Nice treatment and cost effective. Explain each and every step in detail.very much recommended for kids","",""
"2026-03-15","https://www.google.com/maps/reviews/data=!3m1!4b1!4m6!14m5!1m4!2m3!1sCi9DQUlRQUNvZENodHljRjlvT2xsSVIxZzJialExZGs5MmFGRTJhVEIxYjBOR1luYxAB!2m1!1s0x0","nagasri w","https://www.google.com/maps/contrib/116479332818776301741/reviews","false","3","5","Excellent 👍","",""
"2026-03-15","https://www.google.com/maps/reviews/data=!3m1!4b1!4m6!14m5!1m4!2m3!1sCi9DQUlRQUNvZENodHljRjlvT25OU1IzaGhOakZmYzFocFgwdEhMVzlZYmtkdFoyYxAB!2m1!1s0x0","Subramanya Nataraju","https://www.google.com/maps/contrib/115512295238936399615/reviews","false","1","5","","",""
"2026-03-15","https://www.google.com/maps/reviews/data=!3m1!4b1!4m6!14m5!1m4!2m3!1sCi9DQUlRQUNvZENodHljRjlvT2tSV2NtcFBXWE0zVmxGUVJsRmFhM2hNZW14NE5VRRAB!2m1!1s0x0","The realm Creater","https://www.google.com/maps/contrib/114748881101418384305/reviews","false","1","5","Professional treatment and everything was explained clearly. Extremely satisfied.","",""
"2026-03-15","https://www.google.com/maps/reviews/data=!3m1!4b1!4m6!14m5!1m4!2m3!1sCi9DQUlRQUNvZENodHljRjlvT21OdFJUSkNka3htY1VWVFVWSmhSVzF4VldKc1FXYxAB!2m1!1s0x0","Santosh Kumar","https://www.google.com/maps/contrib/101439083866925144940/reviews","false","1","5","","",""
"2026-03-15","https://www.google.com/maps/reviews/data=!3m1!4b1!4m6!14m5!1m4!2m3!1sChZDSUhNMG9nS0VJQ0FnSUNfM3RxRUtnEAE!2m1!1s0x0","SURESH CHOUDHARY","https://www.google.com/maps/contrib/115300149972835811109/reviews","true","5","5","Good experience","",""
"2026-02-15","https://www.google.com/maps/reviews/data=!3m1!4b1!4m6!14m5!1m4!2m3!1sCi9DQUlRQUNvZENodHljRjlvT25Ob1lUZHhOakV3WTJOR1JIWkVOMFpHUTBGeU9YYxAB!2m1!1s0x0","Hemant Soni","https://www.google.com/maps/contrib/109649165305604318037/reviews","false","5","5","Very good Dr Jyoti n much more in knowledge n exactly adviseTy Dr saheb","",""
"2026-02-15","https://www.google.com/maps/reviews/data=!3m1!4b1!4m6!14m5!1m4!2m3!1sCi9DQUlRQUNvZENodHljRjlvT201SU1YRlZNR2hKUkdNM1MxazJhakpxTjFaUWEyYxAB!2m1!1s0x0","Ashwini V Ashwath","https://www.google.com/maps/contrib/108965037899077958647/reviews","false","10","5","Fixed tooth for my Mom, great job done by Jyothi mam.. most recommendable. Thank you Mam","",""
"2026-02-15","https://www.google.com/maps/reviews/data=!3m1!4b1!4m6!14m5!1m4!2m3!1sCi9DQUlRQUNvZENodHljRjlvT25wbk1VMVdSMkZpWkVJeFNYVkZRbUptYTBwV01FRRAB!2m1!1s0x0","Amisha Singh","https://www.google.com/maps/contrib/110057823917038242372/reviews","false","6","5","The staff is amazing and she is perfect in her work .Very friendly yet professional at the same time .My mom loved em all","",""
"2026-02-15","https://www.google.com/maps/reviews/data=!3m1!4b1!4m6!14m5!1m4!2m3!1sCi9DQUlRQUNvZENodHljRjlvT25Kc1gyTlNVR3BaY3pKalUyUnFkbE10UlRKeFNsRRAB!2m1!1s0x0","Dinesh Thashvi","https://www.google.com/maps/contrib/112379563941023121479/reviews","false","3","5","Friendly doctor and positive response, always having a concern of patients problems...Very good experience from Dr Jyothi sajjan. excellent service and personally i will recommend to everyone for your dental problems..","",""
"2026-02-15","https://www.google.com/maps/reviews/data=!3m1!4b1!4m6!14m5!1m4!2m3!1sCi9DQUlRQUNvZENodHljRjlvT2xONlRtcDRZMFoyZFc4eVpFRkJNRlZYU1ZWRFdsRRAB!2m1!1s0x0","Likith Bv","https://www.google.com/maps/contrib/114349399921997561200/reviews","false","4","5","","",""
"2026-02-15","https://www.google.com/maps/reviews/data=!3m1!4b1!4m6!14m5!1m4!2m3!1sCi9DQUlRQUNvZENodHljRjlvT25KVlQzazNaRU5pVWtSblJreEpkWHBsUzNwV1RXYxAB!2m1!1s0x0","Rupinder Kaur","https://www.google.com/maps/contrib/114801230877445827122/reviews","true","15","5","Very courteous Dr. Excellent dental service","",""
"2026-02-15","https://www.google.com/maps/reviews/data=!3m1!4b1!4m6!14m5!1m4!2m3!1sCi9DQUlRQUNvZENodHljRjlvT25vMVdURnFObVk1VVhkek16Qm9aVmgxY0hwalFXYxAB!2m1!1s0x0","Kavitha Jayadeva","https://www.google.com/maps/contrib/103563767851615332829/reviews","false","2","5","","",""
"2026-02-15","https://www.google.com/maps/reviews/data=!3m1!4b1!4m6!14m5!1m4!2m3!1sCi9DQUlRQUNvZENodHljRjlvT2xKVGVUbHNRVEZ3V0RSSFNUWjRaRlpYYkVkWmFrRRAB!2m1!1s0x0","Vinod V","https://www.google.com/maps/contrib/100216829205063821591/reviews","true","4","5","Awesome and very patient","",""
"2026-02-15","https://www.google.com/maps/reviews/data=!3m1!4b1!4m6!14m5!1m4!2m3!1sCi9DQUlRQUNvZENodHljRjlvT21NMkxXaFdiMlJ1Ym5CWVRrY3lUazk1VG1OUmRHYxAB!2m1!1s0x0","Arshiya Hanif","https://www.google.com/maps/contrib/109179717555813083902/reviews","false","1","5","","",""
"2026-02-15","https://www.google.com/maps/reviews/data=!3m1!4b1!4m6!14m5!1m4!2m3!1sCi9DQUlRQUNvZENodHljRjlvT21oc05FNDRXbmxzUlVsd2VFbDVOV1l3ZGtKeE1WRRAB!2m1!1s0x0","Jayashree B","https://www.google.com/maps/contrib/111689136772757251388/reviews","false","1","5","Best dental clinic best service..","",""
"2026-02-15","https://www.google.com/maps/reviews/data=!3m1!4b1!4m6!14m5!1m4!2m3!1sCi9DQUlRQUNvZENodHljRjlvT25aWE5FSlZjbUZ1ZDFaSmNWY3djRUpaUTJkQ1kxRRAB!2m1!1s0x0","Abhijith G","https://www.google.com/maps/contrib/102034601754545549072/reviews","false","1","5","","",""
"2026-02-15","https://www.google.com/maps/reviews/data=!3m1!4b1!4m6!14m5!1m4!2m3!1sCi9DQUlRQUNvZENodHljRjlvT2pKSVoweENaM2M0U0ZNeWEwWlRSM1JtU3pOQ1IxRRAB!2m1!1s0x0","Pitchaiah Gorre","https://www.google.com/maps/contrib/111099827396248130657/reviews","false","1","5","We are really happy and delightful to share the feed back and experience had with Dr Jyoti Sajjan and Apex dental and orthodontic clinic,we are elderly couple new to this area from telangana had undergone for denture fixing to my wife even though language barrier Dr had manged very well and was soo patiently magaed to done very well.thank you","",""
"2026-02-15","https://www.google.com/maps/reviews/data=!3m1!4b1!4m6!14m5!1m4!2m3!1sCi9DQUlRQUNvZENodHljRjlvT2t4eFNYb3dhbEJSYmpORlpWTkZWMDl3VTBGU2VrRRAB!2m1!1s0x0","Aditi Raj","https://www.google.com/maps/contrib/109349790768782762204/reviews","false","6","5","Best service provided","",""
"2026-02-15","https://www.google.com/maps/reviews/data=!3m1!4b1!4m6!14m5!1m4!2m3!1sCi9DQUlRQUNvZENodHljRjlvT2s5eVUwbDJiSEZyVmxKWmJHZHpkMDF2ZVZrMlIxRRAB!2m1!1s0x0","Gangaraju Gowda","https://www.google.com/maps/contrib/101765913180644276045/reviews","true","15","5","Dr Jyothi sajjan madam is very knowledgeable, clinic is hygienic","",""
"2026-02-15","https://www.google.com/maps/reviews/data=!3m1!4b1!4m6!14m5!1m4!2m3!1sCi9DQUlRQUNvZENodHljRjlvT2xwd01EVXpMVFJVT0ZaV1RqaGFVbk5pVTBSVGFVRRAB!2m1!1s0x0","Shreyas Shetty","https://www.google.com/maps/contrib/110528063665154990170/reviews","false","4","5","For my problem they suggested root canal with 3 sittings. Took care well & and excellent followup to make sure everything is fine till the completion of 3 sittings.","",""
"2026-02-15","https://www.google.com/maps/reviews/data=!3m1!4b1!4m6!14m5!1m4!2m3!1sCi9DQUlRQUNvZENodHljRjlvT2tGNE9YSktPRFpPZVRCcWR6ZHhPRlJ1VTIwNGRuYxAB!2m1!1s0x0","Krishnappa V","https://www.google.com/maps/contrib/107343102121487344955/reviews","false","1","5","","",""
"2026-01-15","https://www.google.com/maps/reviews/data=!3m1!4b1!4m6!14m5!1m4!2m3!1sCi9DQUlRQUNvZENodHljRjlvT2xsTFZGY3pjbGR0WVdocFExWXhZV2t4VEZKaFowRRAB!2m1!1s0x0","Mamta AS","https://www.google.com/maps/contrib/115351338212496108867/reviews","false","1","5","","",""
"2026-01-15","https://www.google.com/maps/reviews/data=!3m1!4b1!4m6!14m5!1m4!2m3!1sCi9DQUlRQUNvZENodHljRjlvT2poS01WSlJhbmd4Wm1oamFIVXpZelJEWTJkVVJHYxAB!2m1!1s0x0","pandurang jalikar","https://www.google.com/maps/contrib/102738984846638878347/reviews","true","8","5","","",""
"2026-01-15","https://www.google.com/maps/reviews/data=!3m1!4b1!4m6!14m5!1m4!2m3!1sCi9DQUlRQUNvZENodHljRjlvT25oellVSlRiV3hCVmt4RGVVbFZiMDl0TVZsS1ZIYxAB!2m1!1s0x0","Kamesh Jalikar","https://www.google.com/maps/contrib/117234704698971485079/reviews","true","10","4","","",""
"2026-01-15","https://www.google.com/maps/reviews/data=!3m1!4b1!4m6!14m5!1m4!2m3!1sCi9DQUlRQUNvZENodHljRjlvT2tsblFUVnRWMEpCVDFoVlMwSm9XbTVsYkhsTGIzYxAB!2m1!1s0x0","Hemanth R","https://www.google.com/maps/contrib/118433176584631896247/reviews","true","15","5","","",""
"2026-01-15","https://www.google.com/maps/reviews/data=!3m1!4b1!4m6!14m5!1m4!2m3!1sCi9DQUlRQUNvZENodHljRjlvT2t0Qk4zZGhNVGg0YW14RWFVWmpUMGxtWW1NNE1HYxAB!2m1!1s0x0","Jayaramanvishwa Jayaramanvishwa","https://www.google.com/maps/contrib/114957827156726929879/reviews","false","1","5","Best dental clinic for the dental treatments","",""
"2026-01-15","https://www.google.com/maps/reviews/data=!3m1!4b1!4m6!14m5!1m4!2m3!1sChZDSUhNMG9nS0VJQ0FnSUN4eDhYMmRREAE!2m1!1s0x0","Ramesh Thammineni","https://www.google.com/maps/contrib/103523063270130918775/reviews","false","5","5","Good equiped clinic, experienced doctor and I had a good treatment.","",""
"2026-01-15","https://www.google.com/maps/reviews/data=!3m1!4b1!4m6!14m5!1m4!2m3!1sCi9DQUlRQUNvZENodHljRjlvT210TFlrVlBSVk5rT1VSa1pFOVpaSGhVU2xOaU5XYxAB!2m1!1s0x0","Chandrashekar R","https://www.google.com/maps/contrib/100832894822162041835/reviews","false","4","5","We are extremely grateful to the doctor for the excellent denture treatment provided to my mother. The doctor was very kind, patient, and took the time to explain everything clearly, which made her feel comfortable and confident throughout the process. The denture fits perfectly, looks natural, and has greatly improved her comfort and smile. Truly professional care and outstanding results. Highly recommended!","",""
"2026-01-15","https://www.google.com/maps/reviews/data=!3m1!4b1!4m6!14m5!1m4!2m3!1sCi9DQUlRQUNvZENodHljRjlvT2t0a1RUTjJlbVJKUkVzM05sbFhNMkZCZEVFNGMwRRAB!2m1!1s0x0","Chethan K","https://www.google.com/maps/contrib/118085701750017596078/reviews","false","3","5","Experienced Dr and good staff grate treatment","",""
"2026-01-15","https://www.google.com/maps/reviews/data=!3m1!4b1!4m6!14m5!1m4!2m3!1sCi9DQUlRQUNvZENodHljRjlvT2pKa05HTnFhMnBTTFdGRmRIRmpVMnQyU2xGTFFVRRAB!2m1!1s0x0","Virupaksha Hr","https://www.google.com/maps/contrib/116898314223403458288/reviews","false","3","5","I had an excellent experience with my root canal treatment and teeth cap procedure. The dentist was very gentle and professional, explaining each step clearly. The treatment was painless, and the results look completely natural. I’m very happy with the care and the final outcome — highly recommend this Apex dental clinic!","",""
"2026-01-15","https://www.google.com/maps/reviews/data=!3m1!4b1!4m6!14m5!1m4!2m3!1sCi9DQUlRQUNvZENodHljRjlvT2s5ZlF6bG1UWE50U2twa1NXZ3pXbGRLZVdSblIyYxAB!2m1!1s0x0","Soma Shekar","https://www.google.com/maps/contrib/107711020193975501378/reviews","false","2","5","Best dental clinic","",""
"2026-01-15","https://www.google.com/maps/reviews/data=!3m1!4b1!4m6!14m5!1m4!2m3!1sCi9DQUlRQUNvZENodHljRjlvT210SmQwSlpTM04xZDBaV04wcExUR3RTTWs1UFVWRRAB!2m1!1s0x0","Yashaswini M","https://www.google.com/maps/contrib/107209884456870666001/reviews","false","2","5","My mother’s root canal treatment was handled with great care and precision by the doctors. The doctors were extremely patient, kind, and professional, making sure she was comfortable throughout. Excellent treatment and a very reassuring approach. Highly recommended!","",""
"2026-01-15","https://www.google.com/maps/reviews/data=!3m1!4b1!4m6!14m5!1m4!2m3!1sCi9DQUlRQUNvZENodHljRjlvT20xRWVVVmZjVXd4VlcxbVpIRnNjVVJNYkVWdFQxRRAB!2m1!1s0x0","Dr Kumuda P R","https://www.google.com/maps/contrib/105729948760567786990/reviews","false","1","5","","",""
"2026-01-15","https://www.google.com/maps/reviews/data=!3m1!4b1!4m6!14m5!1m4!2m3!1sCi9DQUlRQUNvZENodHljRjlvT25wQ2IyWnBTM2RxT1hSUVNIWlFNbVZYZVZRdGEyYxAB!2m1!1s0x0","Sai Kumar","https://www.google.com/maps/contrib/108509406947963514381/reviews","true","13","5","Good experience, painless tooth removal","",""
"2026-01-15","https://www.google.com/maps/reviews/data=!3m1!4b1!4m6!14m5!1m4!2m3!1sCi9DQUlRQUNvZENodHljRjlvT2tKUmIybDNORE5GZDFaM01UbHhhRmRvYldnMFVGRRAB!2m1!1s0x0","badiger vikas","https://www.google.com/maps/contrib/100407135868342643461/reviews","false","3","5","Doctor provided good treatment for the decayed part of one of my tooth.Doctors expressed good concern towards the patient and treated the patient with much care and responsibility.","",""
"2026-01-15","https://www.google.com/maps/reviews/data=!3m1!4b1!4m6!14m5!1m4!2m3!1sCi9DQUlRQUNvZENodHljRjlvT21Gd05rOVBTa1pKVlhkTGQwMTJXbGRKTkVsQ2NYYxAB!2m1!1s0x0","M Thenmozhli","https://www.google.com/maps/contrib/106044221193399923452/reviews","false","2","5","Very good experience from Dr Jyoti.got my wisdom tooth removed her.excellent service and I recommend everyone","",""
"2026-01-15","https://www.google.com/maps/reviews/data=!3m1!4b1!4m6!14m5!1m4!2m3!1sCi9DQUlRQUNvZENodHljRjlvT2twcVEwSnBOak5WVEVzMFJFTkNVVzFFVlZGcFdYYxAB!2m1!1s0x0","kiran gowda","https://www.google.com/maps/contrib/108528470328325278630/reviews","false","1","5","","",""
"2026-01-15","https://www.google.com/maps/reviews/data=!3m1!4b1!4m6!14m5!1m4!2m3!1sCi9DQUlRQUNvZENodHljRjlvT25ZdFduTkZjREkxVFdGcWExTlpkREJ1TFZaYVJrRRAB!2m1!1s0x0","Shwetha Deepak","https://www.google.com/maps/contrib/116783323592860050583/reviews","false","2","5","Very friendly good services","",""
"2026-01-15","https://www.google.com/maps/reviews/data=!3m1!4b1!4m6!14m5!1m4!2m3!1sCi9DQUlRQUNvZENodHljRjlvT25OZlRUSlhaR3BxTlMxUmQzVlliM052ZUc1cFZXYxAB!2m1!1s0x0","Thanusha Gowda","https://www.google.com/maps/contrib/116423244329069698396/reviews","false","1","5","","",""
"2025-12-15","https://www.google.com/maps/reviews/data=!3m1!4b1!4m6!14m5!1m4!2m3!1sCi9DQUlRQUNvZENodHljRjlvT2psb05YZDVPVkoxV25wUUxVbzVkMDkyUTFOUFRuYxAB!2m1!1s0x0","Delhi Rani","https://www.google.com/maps/contrib/108727992935004617572/reviews","false","3","5","","",""
"2025-12-15","https://www.google.com/maps/reviews/data=!3m1!4b1!4m6!14m5!1m4!2m3!1sCi9DQUlRQUNvZENodHljRjlvT2xkT2NsZGFSMDloWVdOelpETkZWMUpUUVc5dlZFRRAB!2m1!1s0x0","vijay vicky","https://www.google.com/maps/contrib/114690525738442423701/reviews","false","2","5","Value based service","",""
"2025-12-15","https://www.google.com/maps/reviews/data=!3m1!4b1!4m6!14m5!1m4!2m3!1sCi9DQUlRQUNvZENodHljRjlvT21SS1RGQmZMVmQxVVdwdVJtNU5hMmRvVFRoSFpIYxAB!2m1!1s0x0","Bhanumathi. B. J","https://www.google.com/maps/contrib/105273123916692836927/reviews","false","1","5","Well done 👍","",""
"2025-12-15","https://www.google.com/maps/reviews/data=!3m1!4b1!4m6!14m5!1m4!2m3!1sCi9DQUlRQUNvZENodHljRjlvT2tsSFFtMDBYMGxDWTJFNVpYTjVZWGR4U1dkYVJYYxAB!2m1!1s0x0","Sangeetha Mohan","https://www.google.com/maps/contrib/102245901756775663799/reviews","false","5","5","The root canal treatment was done very well by doctor Jyothi Ma’am. Thank you for doing it without any pain Ma’am","",""
"2025-12-15","https://www.google.com/maps/reviews/data=!3m1!4b1!4m6!14m5!1m4!2m3!1sCi9DQUlRQUNvZENodHljRjlvT2xac2RFRmtlbGx3UjBGWllrbFplRTFQTjJwWE9WRRAB!2m1!1s0x0","Chetan Chaitra","https://www.google.com/maps/contrib/113309516141320465962/reviews","false","1","5","","",""
"2025-12-15","https://www.google.com/maps/reviews/data=!3m1!4b1!4m6!14m5!1m4!2m3!1sCi9DQUlRQUNvZENodHljRjlvT2pSUFgxOUZMVFUwYTFVd2VURXdUelZRY1dwbldGRRAB!2m1!1s0x0","Vinutha Vinutha","https://www.google.com/maps/contrib/106319322295825910074/reviews","false","1","5","","",""
"2025-12-15","https://www.google.com/maps/reviews/data=!3m1!4b1!4m6!14m5!1m4!2m3!1sCi9DQUlRQUNvZENodHljRjlvT21GSVpGZ3lWMHhZYjA1aGFGbENVbkZtVDFKMVgxRRAB!2m1!1s0x0","Kalyana Raju","https://www.google.com/maps/contrib/105411495619290927019/reviews","false","4","5","Excellent, worth, reasonable.","",""
"2025-12-15","https://www.google.com/maps/reviews/data=!3m1!4b1!4m6!14m5!1m4!2m3!1sCi9DQUlRQUNvZENodHljRjlvT210eFoyaEtTblpWUmt0a2JXNWxlWEZSVGsxT1dXYxAB!2m1!1s0x0","Rach","https://www.google.com/maps/contrib/117190319442549121855/reviews","false","1","5","Very good place and good Doctor...","",""
"2025-12-15","https://www.google.com/maps/reviews/data=!3m1!4b1!4m6!14m5!1m4!2m3!1sCi9DQUlRQUNvZENodHljRjlvT25sQ2FYQjZNM1ZsWVdaWllqRk5ZelZ6Tm5WSVZFRRAB!2m1!1s0x0","NETHIBOTTU BHAVANA","https://www.google.com/maps/contrib/112272931594799589145/reviews","false","11","5","Dr jyothi sajjan is very polite , humble , nice attitude , have very nice professional behaviour, patiently listens to problems and provide effective solutions , I strongly recommend everyone to visit her for all dental related issues.","",""
"2025-12-15","https://www.google.com/maps/reviews/data=!3m1!4b1!4m6!14m5!1m4!2m3!1sCi9DQUlRQUNvZENodHljRjlvT25sNWVtSkhVV0ZKTjJ0WU9XWk9iMVl5V21obmVHYxAB!2m1!1s0x0","Pushpa Lava143","https://www.google.com/maps/contrib/117314430108814132563/reviews","false","1","5","","",""
"2025-11-15","https://www.google.com/maps/reviews/data=!3m1!4b1!4m6!14m5!1m4!2m3!1sCi9DQUlRQUNvZENodHljRjlvT25oUlYxaHNlR3hFTjFGcWVpMWZSVXczU3pGbk0yYxAB!2m1!1s0x0","Rahul A","https://www.google.com/maps/contrib/101569251009834899350/reviews","false","12","5","One of the best dentists nearby, very friendly and prompt service at very reasonable price","",""
"2025-11-15","https://www.google.com/maps/reviews/data=!3m1!4b1!4m6!14m5!1m4!2m3!1sCi9DQUlRQUNvZENodHljRjlvT2tsaU1XSXpRM2x6Y0c4NFpEQlJkSEpSVkVsRU5tYxAB!2m1!1s0x0","Kain Geo","https://www.google.com/maps/contrib/104740198279321713374/reviews","false","6","5","","",""
"2025-11-15","https://www.google.com/maps/reviews/data=!3m1!4b1!4m6!14m5!1m4!2m3!1sCi9DQUlRQUNvZENodHljRjlvT2xRMWNVSXdlVzFRV1dSWlFtMUpZbXhZVTB3MFpHYxAB!2m1!1s0x0","Priya Shankar","https://www.google.com/maps/contrib/117115254305696986738/reviews","false","1","5","","",""
"2025-11-15","https://www.google.com/maps/reviews/data=!3m1!4b1!4m6!14m5!1m4!2m3!1sCi9DQUlRQUNvZENodHljRjlvT2tNNFRUZGtXbTlYVld4bVZtSXRVbmRYYW5SalIyYxAB!2m1!1s0x0","Gayathri vijay sajjan","https://www.google.com/maps/contrib/110876207388678750135/reviews","false","8","5","I had a wonderful experience with Dr.Jyothi sajjan. She is very humble, kind, and gentle while treating patients. She explains everything clearly and makes sure you feel comfortable throughout the procedure. I really appreciate her caring nature and professionalism. Highly recommended for anyone looking for a trustworthy and friendly dentist!","https://lh3.googleusercontent.com/grass-cs/ACvplmNkZ-VaQh8_hF4A71YM_VV_kUhhVPmkIAuW2jcCdNQBYPxeRl57cKUoExt6FyuI55jqIUvJG9X7xA6_qc049LUvZi0w8SCuDQAlc_OwBUK9Q1wbhBUzmfuGKreBXLYheRghOoz6CHooyiU=s157-p-k-rw, https://lh3.googleusercontent.com/grass-cs/ACvplmO2b_3dH6XGOYrIkBWUu_u94RBCbWVGncjy0-bHfGlgSkXHktZ0SBaWPTwL0RY0eysr2Qg1xSVAz6L2hQWO5bn4ul8NwjdsMrxJbrnhC9L4ZNClSFxGt2VFEamq0PcZGId_JE39ld-ZX45l=s157-p-k-rw, https://lh3.googleusercontent.com/grass-cs/ACvplmMl1lMLeRhUOfMIKJ_mH0ffGEniOsI39QBkrVbRjbqRRCaSs35Fvso1mrO4xjDjksl6GAFbLsyXvND4ma80runGPm4rKwcjipAR-yB81ZgnpcUhdBGMl8xEnTof2H7ccPIn5mdQm09imxw=s157-p-k-rw, https://lh3.googleusercontent.com/grass-cs/ACvplmMTCo3s_GUFnhMGDqQY0CjEUoNqfsatt8WtCgohDvlSpzJssJGg0Kr-VUS5qZfCg2k6QoVPivH_GidgruVKuPtUmnVO-_Uzp3u7-VRkb7Yb_duP8l6eKS3Vn_UAi4JNXWJGoYqBCCGxmw=s157-p-k-rw",""
"2025-11-15","https://www.google.com/maps/reviews/data=!3m1!4b1!4m6!14m5!1m4!2m3!1sCi9DQUlRQUNvZENodHljRjlvT2xWS1JrNXVNMEpxY0RKaVExaEdTbFExTkhoWU4yYxAB!2m1!1s0x0","Jayalakshmi S","https://www.google.com/maps/contrib/108810748808292529270/reviews","false","1","5","","",""
"2025-11-15","https://www.google.com/maps/reviews/data=!3m1!4b1!4m6!14m5!1m4!2m3!1sCi9DQUlRQUNvZENodHljRjlvT2xjeFJWQjRhRU5wTkZWMmJFdFdOelYwVjA5RmQzYxAB!2m1!1s0x0","Paran Bodo","https://www.google.com/maps/contrib/115303978734678178049/reviews","false","1","5","","",""
"2025-11-15","https://www.google.com/maps/reviews/data=!3m1!4b1!4m6!14m5!1m4!2m3!1sCi9DQUlRQUNvZENodHljRjlvT210dGEyaHZjRlZHY0ZKeFIyVkNjRVpUVjJsdVQxRRAB!2m1!1s0x0","Kan kan Barman","https://www.google.com/maps/contrib/110438070424136872692/reviews","false","1","5","","",""
"2025-11-15","https://www.google.com/maps/reviews/data=!3m1!4b1!4m6!14m5!1m4!2m3!1sCi9DQUlRQUNvZENodHljRjlvT2xOS2VqaFlkV3B6YVZsR1JIVlFXR0ZFV1ROSWJVRRAB!2m1!1s0x0","Pranav","https://www.google.com/maps/contrib/103386315849566424973/reviews","false","1","5","It was a nice experience getting my teeth fixed. I am really happy with my result. My smile is much better.","",""
"2025-11-15","https://www.google.com/maps/reviews/data=!3m1!4b1!4m6!14m5!1m4!2m3!1sCi9DQUlRQUNvZENodHljRjlvT20xU2VXMVNaM2RYYnpkVlpVcE9Ta295Umt4VGJrRRAB!2m1!1s0x0","Leeta Vaz","https://www.google.com/maps/contrib/105543370109309672699/reviews","false","6","5","Dr. Jyoti was kind, patient, and professional with my 11-year-old son. The filling was quick, painless, and done with great care. We really appreciated how comfortable she made him feel. Highly recommend!","",""
"2025-11-15","https://www.google.com/maps/reviews/data=!3m1!4b1!4m6!14m5!1m4!2m3!1sCi9DQUlRQUNvZENodHljRjlvT25kU1luUlhVbEJzTUUxUE0wTXlaM001Y0U1d2JVRRAB!2m1!1s0x0","ashtronix solutions","https://www.google.com/maps/contrib/109239965409534148912/reviews","false","2","5","","",""
"2025-11-15","https://www.google.com/maps/reviews/data=!3m1!4b1!4m6!14m5!1m4!2m3!1sCi9DQUlRQUNvZENodHljRjlvT2xFeVN6WmpWRWRpVG5GRlFuaHdRMU4zUzB4MlYyYxAB!2m1!1s0x0","Agastya P","https://www.google.com/maps/contrib/115205092320179654382/reviews","false","1","5","I got my braces 11 months ago and today I got my retainers with perfectly aligned teeth. I was skeptical about putting braces because I've heard that braces stay for years before the teeth align. Dr. Jyoti has done a commendable job by fixing my teeth before the 1 year mark! She explains well, reassures and treats patients in a very warm, kind and friendly manner. I'm fully satisfied with the procedure as it went without any hitch or setbacks. It is indeed the best dental clinic in the area","",""
"2025-10-15","https://www.google.com/maps/reviews/data=!3m1!4b1!4m6!14m5!1m4!2m3!1sCi9DQUlRQUNvZENodHljRjlvT21sWFRIZDRUSEpIV2s5MWEyTkxRbTFEVmpNNGQyYxAB!2m1!1s0x0","Anamika Das","https://www.google.com/maps/contrib/100972873202901409849/reviews","false","1","5","","",""
"2025-10-15","https://www.google.com/maps/reviews/data=!3m1!4b1!4m6!14m5!1m4!2m3!1sCi9DQUlRQUNvZENodHljRjlvT2tsNFZ6QnZkMmRUTURkVVdFSnBZamt4VFdOc1VsRRAB!2m1!1s0x0","Suzan","https://www.google.com/maps/contrib/104870176916629477564/reviews","false","5","5","","",""
"2025-10-15","https://www.google.com/maps/reviews/data=!3m1!4b1!4m6!14m5!1m4!2m3!1sCi9DQUlRQUNvZENodHljRjlvT2kxUFJGTjRkVFZ0Y0doTmRXNVFhMWQzYlZGTU5VRRAB!2m1!1s0x0","Gayathri Bhat","https://www.google.com/maps/contrib/101745859125924674731/reviews","false","2","5","Good","",""
"2025-10-15","https://www.google.com/maps/reviews/data=!3m1!4b1!4m6!14m5!1m4!2m3!1sCi9DQUlRQUNvZENodHljRjlvT2paaGEzcDBiRkl0YUdKSVZEbEJVRFJyYnpaWVRsRRAB!2m1!1s0x0","Madhu Kumar","https://www.google.com/maps/contrib/101967655643889784257/reviews","false","5","5","","",""
"2025-10-15","https://www.google.com/maps/reviews/data=!3m1!4b1!4m6!14m5!1m4!2m3!1sChdDSUhNMG9nS0VMNmpudWFXNi1XQzV3RRAB!2m1!1s0x0","jaya lakshmi","https://www.google.com/maps/contrib/114776065412853491180/reviews","false","1","5","","",""
"2025-10-15","https://www.google.com/maps/reviews/data=!3m1!4b1!4m6!14m5!1m4!2m3!1sCi9DQUlRQUNvZENodHljRjlvT2xjeVgwaFJNMFJJVFZjelgwNUNSa1o0WkU1cFFuYxAB!2m1!1s0x0","Manasa Hiregange","https://www.google.com/maps/contrib/108674638910470105326/reviews","false","3","5","I had my tooth extraction and it went really well.All thanks to doc !!","",""
"2025-10-15","https://www.google.com/maps/reviews/data=!3m1!4b1!4m6!14m5!1m4!2m3!1sCi9DQUlRQUNvZENodHljRjlvT210elFWVkpVRE5CWldrMVNYQmpjRFZZUjFCb2FWRRAB!2m1!1s0x0","Swamy Vaishu","https://www.google.com/maps/contrib/113865887773070983126/reviews","false","1","5","","",""
"2025-10-15","https://www.google.com/maps/reviews/data=!3m1!4b1!4m6!14m5!1m4!2m3!1sCi9DQUlRQUNvZENodHljRjlvT2tGS2JXSldkVmhyUzNoMU1sTXdVVTlDYW1SVE5VRRAB!2m1!1s0x0","Rashmi Kulkarni","https://www.google.com/maps/contrib/109568417629435389252/reviews","false","3","5","Dr Jyothi Sajjan ensures the patient gets all information and adequate confidence of the procedure which helps in going through it without hesitation. Thank you Maam for your continous support during my tooth extraction and filling journey.One of the best dental clinic and doctor around in the area.","",""
"2025-10-15","https://www.google.com/maps/reviews/data=!3m1!4b1!4m6!14m5!1m4!2m3!1sCi9DQUlRQUNvZENodHljRjlvT21ScExWWldZbUZoUkZkZloyUlpOVEZsUTJaTk1XYxAB!2m1!1s0x0","Vijaymtb Vijaymtb","https://www.google.com/maps/contrib/102552771148666366277/reviews","false","2","5","Good","",""
"2025-10-15","https://www.google.com/maps/reviews/data=!3m1!4b1!4m6!14m5!1m4!2m3!1sCi9DQUlRQUNvZENodHljRjlvT21VdGNGcG9hV05XUldoQ1ZYVkJUVVZWUzFoRGVrRRAB!2m1!1s0x0","Yashoda Shetty","https://www.google.com/maps/contrib/102233771652929098300/reviews","false","1","5","","",""
"2025-09-15","https://www.google.com/maps/reviews/data=!3m1!4b1!4m6!14m5!1m4!2m3!1sCi9DQUlRQUNvZENodHljRjlvT2pJMlZHUkxTM0pTTTB4TFFUSlNWR0pRVWtsU1gwRRAB!2m1!1s0x0","Pradeep Lobo","https://www.google.com/maps/contrib/115925267064033200874/reviews","false","3","5","","",""
"2025-09-15","https://www.google.com/maps/reviews/data=!3m1!4b1!4m6!14m5!1m4!2m3!1sChdDSUhNMG9nS0VJQ0FnSURUc1pQdTl3RRAB!2m1!1s0x0","Latha G","https://www.google.com/maps/contrib/112022759583670757296/reviews","false","3","5","Good treatment","",""
"2025-09-15","https://www.google.com/maps/reviews/data=!3m1!4b1!4m6!14m5!1m4!2m3!1sCi9DQUlRQUNvZENodHljRjlvT25wSVMxRjFaa1psZDNKS1pVdGpTMFkzUVVsVmVtYxAB!2m1!1s0x0","Sirisha Tadigotla","https://www.google.com/maps/contrib/102875913630500914727/reviews","false","3","5","Dr Jyoti Sajjan is an exceptional doctor who truly cares about her patients she listened attentively to my concerns, explained my treatment options clearly, and Provided compassionate care I highly recommend her to anyone seeking care.","",""
"2025-09-15","https://www.google.com/maps/reviews/data=!3m1!4b1!4m6!14m5!1m4!2m3!1sCi9DQUlRQUNvZENodHljRjlvT2tKYWRWRnBkVEJhWDFWcGNrRm5hbVpSVEVWT05VRRAB!2m1!1s0x0","prathima karthik","https://www.google.com/maps/contrib/100211295451778126228/reviews","false","6","5","","",""
"2025-09-15","https://www.google.com/maps/reviews/data=!3m1!4b1!4m6!14m5!1m4!2m3!1sCi9DQUlRQUNvZENodHljRjlvT2t4RmRFeGxhRUl3VDFoSlIzQlNaa1ZmTUZCdE1rRRAB!2m1!1s0x0","Hanumantha Raju","https://www.google.com/maps/contrib/111678866558506661452/reviews","false","2","5","Very good treatment 👌 👍","",""
"2025-09-15","https://www.google.com/maps/reviews/data=!3m1!4b1!4m6!14m5!1m4!2m3!1sCi9DQUlRQUNvZENodHljRjlvT2tneGRFeFVSMkZzTmpkaGJEZHNRVzlCU1hCVU5WRRAB!2m1!1s0x0","Siddaraju M69","https://www.google.com/maps/contrib/111590461422377480402/reviews","false","2","5","","",""
"2025-09-15","https://www.google.com/maps/reviews/data=!3m1!4b1!4m6!14m5!1m4!2m3!1sCi9DQUlRQUNvZENodHljRjlvT25CQk5sUllkbXQwZDFGMWRVSnNZMnMyTWpSVk1WRRAB!2m1!1s0x0","Sharadha c","https://www.google.com/maps/contrib/111837350490914226377/reviews","false","1","5","","",""
"2025-09-15","https://www.google.com/maps/reviews/data=!3m1!4b1!4m6!14m5!1m4!2m3!1sCi9DQUlRQUNvZENodHljRjlvT2s5cmVrWnpORU5tY2psd2RsVmthbVU0YlUwMFdtYxAB!2m1!1s0x0","Keeru Raj","https://www.google.com/maps/contrib/106599838641614988310/reviews","false","1","5","","",""
"2025-09-15","https://www.google.com/maps/reviews/data=!3m1!4b1!4m6!14m5!1m4!2m3!1sCi9DQUlRQUNvZENodHljRjlvT21OclRtcHNZVTFTVDNaRlRETnBWRkJvZERjNVVHYxAB!2m1!1s0x0","Hanumantha. S Hanumantha","https://www.google.com/maps/contrib/102218861125035444853/reviews","false","2","5","","",""
"2025-09-15","https://www.google.com/maps/reviews/data=!3m1!4b1!4m6!14m5!1m4!2m3!1sCi9DQUlRQUNvZENodHljRjlvT2t4a1pYQklNRFZQY1RobFJIbFFTRWhRVmxWTFYxRRAB!2m1!1s0x0","rakshitha b","https://www.google.com/maps/contrib/117358949184357117355/reviews","false","1","5","","",""
"2025-09-15","https://www.google.com/maps/reviews/data=!3m1!4b1!4m6!14m5!1m4!2m3!1sCi9DQUlRQUNvZENodHljRjlvT2twRlVUVm1VMjh0U0ROamNrVldUa2hEYWtVeE9GRRAB!2m1!1s0x0","Jm Kumar","https://www.google.com/maps/contrib/106819363552288747282/reviews","false","1","5","","",""
"2025-09-15","https://www.google.com/maps/reviews/data=!3m1!4b1!4m6!14m5!1m4!2m3!1sCi9DQUlRQUNvZENodHljRjlvT21sSGFqTXhTR3d3VFhCMlYyNVpOM3AyV2pWbVlYYxAB!2m1!1s0x0","Suma Reddy","https://www.google.com/maps/contrib/111371478602939182780/reviews","false","1","5","I have taken brace treatment... Doctor was very well behaved. And she will explain clearly about treatment.. Very satisfied treatment 👍👍👍thanks to doctor jyothi sajjan m'am","",""
"2025-09-15","https://www.google.com/maps/reviews/data=!3m1!4b1!4m6!14m5!1m4!2m3!1sCi9DQUlRQUNvZENodHljRjlvT21KRVNVMXhjRzl4T1RONVpXTnBjRTVtWmxOM01FRRAB!2m1!1s0x0","rakshitha m","https://www.google.com/maps/contrib/103102667151876962541/reviews","false","10","5","Doc Joyti is really kind and answered all my questions with patience and gave very good service much appreciated. Thank you","",""
"2025-09-15","https://www.google.com/maps/reviews/data=!3m1!4b1!4m6!14m5!1m4!2m3!1sCi9DQUlRQUNvZENodHljRjlvT210T00xaFpZbXBuV2xkeWQyTnljR1Z2V2paTVIwRRAB!2m1!1s0x0","resmi jayakumar","https://www.google.com/maps/contrib/113485430135370397594/reviews","true","8","5","","",""
"2025-09-15","https://www.google.com/maps/reviews/data=!3m1!4b1!4m6!14m5!1m4!2m3!1sCi9DQUlRQUNvZENodHljRjlvT2pGaVdsSnJVamg2VURKM1VrNW9kMDVzZWtGVWVsRRAB!2m1!1s0x0","hemavathi Kiran","https://www.google.com/maps/contrib/118099462970023074820/reviews","false","1","5","","",""
"2025-09-15","https://www.google.com/maps/reviews/data=!3m1!4b1!4m6!14m5!1m4!2m3!1sCi9DQUlRQUNvZENodHljRjlvT2tsVFRUbEJNVWRpVmxOTlExZEtRMnREUlZNNE9XYxAB!2m1!1s0x0","Ma Ramesh","https://www.google.com/maps/contrib/107415100737558627212/reviews","false","2","5","","",""
"2025-08-15","https://www.google.com/maps/reviews/data=!3m1!4b1!4m6!14m5!1m4!2m3!1sCi9DQUlRQUNvZENodHljRjlvT2pscGNHRkhZMjVUVlU5VlZ6VnlRVTF6UkZwZlFrRRAB!2m1!1s0x0","Gagana R","https://www.google.com/maps/contrib/106305785951454952254/reviews","false","2","5","Very good care and checkup for patients❤️","",""
"2025-07-15","https://www.google.com/maps/reviews/data=!3m1!4b1!4m6!14m5!1m4!2m3!1sCi9DQUlRQUNvZENodHljRjlvT2xnM2RGRndVRWgyTFRCakxWaFdNemgyV2tNNFVWRRAB!2m1!1s0x0","Kavitha Gc","https://www.google.com/maps/contrib/104366487591709835407/reviews","false","1","5","","",""
"2025-07-15","https://www.google.com/maps/reviews/data=!3m1!4b1!4m6!14m5!1m4!2m3!1sCi9DQUlRQUNvZENodHljRjlvT25GbFZVTktUMmRWVDFabWEwbGZXbVp4WjBSd1gyYxAB!2m1!1s0x0","Geeta dhami","https://www.google.com/maps/contrib/108114169804541069235/reviews","false","6","5","","",""
"2025-07-15","https://www.google.com/maps/reviews/data=!3m1!4b1!4m6!14m5!1m4!2m3!1sCi9DQUlRQUNvZENodHljRjlvT2xaSk1tRkpUbk5tYVZJMFVVZFZjRmxtUzBOS1NsRRAB!2m1!1s0x0","Manoj Reddy","https://www.google.com/maps/contrib/110516774043303983944/reviews","false","2","5","","",""
"2025-07-15","https://www.google.com/maps/reviews/data=!3m1!4b1!4m6!14m5!1m4!2m3!1sCi9DQUlRQUNvZENodHljRjlvT21kdlNGTkRjMU5sTVMxV2FIbEllRFZmTFhwQ2VVRRAB!2m1!1s0x0","Aishwarya B G","https://www.google.com/maps/contrib/115120478634478211053/reviews","false","2","5","","",""
"2025-07-15","https://www.google.com/maps/reviews/data=!3m1!4b1!4m6!14m5!1m4!2m3!1sCi9DQUlRQUNvZENodHljRjlvT25wbmRHdEVZa1Y2YTBkQmJVOVJYMjFWTnpWalJXYxAB!2m1!1s0x0","Elvis Jose","https://www.google.com/maps/contrib/112888160236348756157/reviews","true","22","5","I visited Appex Dental Clinic for a tooth filling, and I’m very happy with the overall experience. The clinic is clean, well-maintained, and has a calm environment. The doctor was gentle, patient, and explained the procedure clearly before starting, which helped ease my anxiety.The filling process was quick and almost painless. I also appreciated the hygienic precautions and the way the  doctor Jyothi handled everything professionally. After the procedure, the dentist gave clear aftercare instructions, which was very helpful.Highly recommend Appex Dental Clinic for anyone looking for quality dental care with a personal touch!","",""
"2025-07-15","https://www.google.com/maps/reviews/data=!3m1!4b1!4m6!14m5!1m4!2m3!1sCi9DQUlRQUNvZENodHljRjlvT21GS2RESlBZelptUjFOSmQzbDZSV1JYY3pKM2NWRRAB!2m1!1s0x0","harsha sagar","https://www.google.com/maps/contrib/108470559920265579138/reviews","false","1","5","","",""
"2025-07-15","https://www.google.com/maps/reviews/data=!3m1!4b1!4m6!14m5!1m4!2m3!1sCi9DQUlRQUNvZENodHljRjlvT2tFeGJGWjRkbTVoV25aemRFeEVhMDlOVWxobVNuYxAB!2m1!1s0x0","uma u.s","https://www.google.com/maps/contrib/110332535505133663343/reviews","false","3","5","","",""
"2025-07-15","https://www.google.com/maps/reviews/data=!3m1!4b1!4m6!14m5!1m4!2m3!1sChZDSUhNMG9nS0VJQ0FnSUNmdE5QNmJREAE!2m1!1s0x0","Shikha Swarup","https://www.google.com/maps/contrib/113639245056314335962/reviews","false","2","5","Doctor is experienced and we got very good results .","",""
"2025-07-15","https://www.google.com/maps/reviews/data=!3m1!4b1!4m6!14m5!1m4!2m3!1sCi9DQUlRQUNvZENodHljRjlvT2xZdGRWOHlRM05JWldaSU4zSkRVbGRxWm1sSlFYYxAB!2m1!1s0x0","Pragya Bharti","https://www.google.com/maps/contrib/103947056567196809696/reviews","false","3","5","I had two root canal treatments done simultaneously at Apex Dental Clinic, and it was a really smooth and positive experience. The dentists are highly skilled, patient, and accommodating to both your needs and timelines. They take the time to explain everything in a simple, understandable way, which really helped ease my concerns. I did have to get one of the caps redone a couple of times due to fit issues, but the staff remained extremely helpful and supportive throughout the process. I highly recommend this clinic for anyone looking for quality dental care!","",""
"2025-07-15","https://www.google.com/maps/reviews/data=!3m1!4b1!4m6!14m5!1m4!2m3!1sCi9DQUlRQUNvZENodHljRjlvT21waFQwTnpaVXQyVDJGTVYyTnVXVkZoT1Zoa1RGRRAB!2m1!1s0x0","Shivaprasad Shimladka","https://www.google.com/maps/contrib/116611936227959677474/reviews","true","21","5","I had a very positive experience at this dental clinic. Dr. Jyothi was extremely polite and professional throughout the treatment. I visited for a dental cap, and the entire process was smooth, comfortable, and handled with great care. The treatment was not only effective but also economical. Highly recommend this clinic to anyone looking for quality dental care!","",""
"2025-07-15","https://www.google.com/maps/reviews/data=!3m1!4b1!4m6!14m5!1m4!2m3!1sCi9DQUlRQUNvZENodHljRjlvT2tkTFN6SnRVREJwVERaQ1lrUTRXRUZKVUZGclQyYxAB!2m1!1s0x0","Sowmyashree Bhavi","https://www.google.com/maps/contrib/111608432668139104162/reviews","false","1","5","","",""
"2025-07-15","https://www.google.com/maps/reviews/data=!3m1!4b1!4m6!14m5!1m4!2m3!1sCi9DQUlRQUNvZENodHljRjlvT2xKVlZWOVZOM1JsTUZSTVJYVjNaRXhYV2tGamJVRRAB!2m1!1s0x0","Gargi Sharma","https://www.google.com/maps/contrib/116243052906500081068/reviews","false","2","5","“Very professional and friendly dentist. They take time to answer questions and ensure the patient understands the treatment process.”","",""
"2025-06-15","https://www.google.com/maps/reviews/data=!3m1!4b1!4m6!14m5!1m4!2m3!1sChZDSUhNMG9nS0VJQ0FnSUQxNmRUX1F3EAE!2m1!1s0x0","Mahesh Bhat","https://www.google.com/maps/contrib/115341703855140371443/reviews","true","11","5","My sons RCT is done here. Overall satisfied with treatment. Took good care.","",""
"2025-06-15","https://www.google.com/maps/reviews/data=!3m1!4b1!4m6!14m5!1m4!2m3!1sCi9DQUlRQUNvZENodHljRjlvT21kM04xOTFVMWM0YUZSdGNXMWFMWHB6TjBSSllXYxAB!2m1!1s0x0","Venki Roy","https://www.google.com/maps/contrib/116165518847898265857/reviews","false","5","5","Doctor was very kind and gentle. She advised me how to take care of my tooth. Final she fixed my tooth with out any hassle. Finally my sole is back on my face","",""
"2025-06-15","https://www.google.com/maps/reviews/data=!3m1!4b1!4m6!14m5!1m4!2m3!1sCi9DQUlRQUNvZENodHljRjlvT2poeGFGWXRhbXB0UjBOSFl6ZG1WR3RTWlRkd04zYxAB!2m1!1s0x0","Abu Nasar","https://www.google.com/maps/contrib/112012229155494442187/reviews","false","1","5","","",""
"2025-06-15","https://www.google.com/maps/reviews/data=!3m1!4b1!4m6!14m5!1m4!2m3!1sCi9DQUlRQUNvZENodHljRjlvT2tkclVVZ3dUa296WjA4d1VYYzVMVFZQU0U5V05HYxAB!2m1!1s0x0","Shivani Chowdary","https://www.google.com/maps/contrib/103864237632684700137/reviews","true","14","5","Best service","",""
"2025-06-15","https://www.google.com/maps/reviews/data=!3m1!4b1!4m6!14m5!1m4!2m3!1sCi9DQUlRQUNvZENodHljRjlvT2t4Nk5uUlNjR055WlVsclVtdDVSRFJQY0hCR2JWRRAB!2m1!1s0x0","Poorvi Vibhute","https://www.google.com/maps/contrib/115816264096375528459/reviews","false","1","4","The treatment was worth it. I just love the way my teeth has been aligned now. Thank you doctor.","",""
"2025-06-15","https://www.google.com/maps/reviews/data=!3m1!4b1!4m6!14m5!1m4!2m3!1sChZDSUhNMG9nS0VMbkl1X0Q0MGZYS0lREAE!2m1!1s0x0","abhishekh bhat","https://www.google.com/maps/contrib/103351216058238304426/reviews","false","7","5","","",""
"2025-06-15","https://www.google.com/maps/reviews/data=!3m1!4b1!4m6!14m5!1m4!2m3!1sCi9DQUlRQUNvZENodHljRjlvT2tWamNXNTVSVFZWV2tKMk56TnhSR1YxVDFFdFdsRRAB!2m1!1s0x0","Upendra Rao","https://www.google.com/maps/contrib/115089486062964579854/reviews","false","1","5","","",""
"2025-06-15","https://www.google.com/maps/reviews/data=!3m1!4b1!4m6!14m5!1m4!2m3!1sCi9DQUlRQUNvZENodHljRjlvT2t0YVJHMUdVelJtV21kUFRVTTJTbFJpTkdScmFYYxAB!2m1!1s0x0","Jayashree Chinni","https://www.google.com/maps/contrib/109727165542735149798/reviews","false","1","5","It was my pleasure to take a treatment in our clinic it was the best thanks a lot for the treatment","",""
"2025-06-15","https://www.google.com/maps/reviews/data=!3m1!4b1!4m6!14m5!1m4!2m3!1sCi9DQUlRQUNvZENodHljRjlvT2xsQlVrY3lhbE4yUVY5amRHUlRRMmRCVEdSbVpWRRAB!2m1!1s0x0","S Suchitra","https://www.google.com/maps/contrib/115040152074740668516/reviews","true","11","5","DrJyoti is very patient and excellent in her work. Had very good, comfortable treatment","",""
"2025-06-15","https://www.google.com/maps/reviews/data=!3m1!4b1!4m6!14m5!1m4!2m3!1sCi9DQUlRQUNvZENodHljRjlvT2xCcmNsZDJNM2RsVEZKZlRtRktaVFZyTldscmNYYxAB!2m1!1s0x0","SUNIEL KUMAR SAJJAN","https://www.google.com/maps/contrib/103613077954283589218/reviews","false","7","5","Great doctor with blessing hands.","",""
"2025-06-15","https://www.google.com/maps/reviews/data=!3m1!4b1!4m6!14m5!1m4!2m3!1sCi9DQUlRQUNvZENodHljRjlvT21oU1VsODFkMlpQYjNKbGVVdHpSRU5YVTBweFJtYxAB!2m1!1s0x0","sanjeeva reddy","https://www.google.com/maps/contrib/104583118340573583987/reviews","true","12","5","","",""
"2025-06-15","https://www.google.com/maps/reviews/data=!3m1!4b1!4m6!14m5!1m4!2m3!1sCi9DQUlRQUNvZENodHljRjlvT21GQk1FSjBaRzVNZG5GTGNVNW1TRTVEYldOd2RFRRAB!2m1!1s0x0","PATIL BUILDER","https://www.google.com/maps/contrib/104078053539186218657/reviews","true","30","5","One of the best ever experience with Apex dental clinic n I would like to suggest each n everyone must visit if Dental issues","",""
"2025-05-15","https://www.google.com/maps/reviews/data=!3m1!4b1!4m6!14m5!1m4!2m3!1sCi9DQUlRQUNvZENodHljRjlvT25SeGVsSXpWRTFCUkVaT1RXUkdNakpuZFZwR1lWRRAB!2m1!1s0x0","Vaishnavi Natesh","https://www.google.com/maps/contrib/101626845235672076936/reviews","false","2","5","I had been here for my root canal and teeth cap placing. Had a very good experience and the doctor treated very nicely.","",""
"2025-05-15","https://www.google.com/maps/reviews/data=!3m1!4b1!4m6!14m5!1m4!2m3!1sCi9DQUlRQUNvZENodHljRjlvT2pCdWRHVnpiRjl1U2xoTmQwNXFMV05pVFRJdE5rRRAB!2m1!1s0x0","Anu Anu","https://www.google.com/maps/contrib/107480434497029704278/reviews","false","1","5","Very good experience from Dr Jyoti.. got root canal and zirconia cap done at reasonable price.","",""
"2025-05-15","https://www.google.com/maps/reviews/data=!3m1!4b1!4m6!14m5!1m4!2m3!1sCi9DQUlRQUNvZENodHljRjlvT25KUVdWWmtOMkZUVEhBNU0wOWZSR2x4VTB4d1ptYxAB!2m1!1s0x0","Bhuvan Venkatesh","https://www.google.com/maps/contrib/101289015653266181818/reviews","true","15","4","","",""
"2025-05-15","https://www.google.com/maps/reviews/data=!3m1!4b1!4m6!14m5!1m4!2m3!1sCi9DQUlRQUNvZENodHljRjlvT21sVVoyZFVTalpmUW5veExYUndkMlpaUjFoQmVuYxAB!2m1!1s0x0","Sadhana Kulkarni","https://www.google.com/maps/contrib/107171236382224752522/reviews","false","5","5","Doctor is very good,very caring","",""
"2025-05-15","https://www.google.com/maps/reviews/data=!3m1!4b1!4m6!14m5!1m4!2m3!1sCi9DQUlRQUNvZENodHljRjlvT20xVmIwMXRMVVJ1VHpkaFJscHFVbUY0TkVaTVZWRRAB!2m1!1s0x0","venkatesh L","https://www.google.com/maps/contrib/116739444010820538827/reviews","false","4","5","Feel good after session","",""
"2025-05-15","https://www.google.com/maps/reviews/data=!3m1!4b1!4m6!14m5!1m4!2m3!1sCi9DQUlRQUNvZENodHljRjlvT2t0YVdYRnZiMjlqVTNKRVZHMDJaV0kzU21wd1kwRRAB!2m1!1s0x0","Merlyn Suzane Philomena","https://www.google.com/maps/contrib/102891768883467999864/reviews","false","1","5","","",""
"2025-05-15","https://www.google.com/maps/reviews/data=!3m1!4b1!4m6!14m5!1m4!2m3!1sChdDSUhNMG9nS0VKaXFpSnVPMnVtYXRBRRAB!2m1!1s0x0","Shantashree Hiremath","https://www.google.com/maps/contrib/107116168853784297085/reviews","false","1","5","Nice experience with doctor treated for mucocele","",""
"2025-05-15","https://www.google.com/maps/reviews/data=!3m1!4b1!4m6!14m5!1m4!2m3!1sCi9DQUlRQUNvZENodHljRjlvT25CRE9VMVRiMVZTY2w5S1YySndlRXcwTms5aGRIYxAB!2m1!1s0x0","k krishnamurthy","https://www.google.com/maps/contrib/103273097715136944814/reviews","false","4","5","","",""
"2025-05-15","https://www.google.com/maps/reviews/data=!3m1!4b1!4m6!14m5!1m4!2m3!1sChZDSUhNMG9nS0VJQ0FnSUNKa3FYX2N3EAE!2m1!1s0x0","Dr.Mrugendra Singhdeo","https://www.google.com/maps/contrib/114041412901551653366/reviews","true","12","5","Best orthodontist in the town..i refered my cousin to her n he is quite satisfied for his treatment of malaligned teeth.","",""
"2025-05-15","https://www.google.com/maps/reviews/data=!3m1!4b1!4m6!14m5!1m4!2m3!1sChdDSUhNMG9nS0VJQ0FnTUNZeWJpNm93RRAB!2m1!1s0x0","Soundarya E","https://www.google.com/maps/contrib/101529342146458961771/reviews","true","17","4","","",""
"2025-05-15","https://www.google.com/maps/reviews/data=!3m1!4b1!4m6!14m5!1m4!2m3!1sChZDSUhNMG9nS0VJV25odUhrcW9IcmV3EAE!2m1!1s0x0","Bhushan Modgekar","https://www.google.com/maps/contrib/107910677672900306018/reviews","false","5","5","","",""
"2025-05-15","https://www.google.com/maps/reviews/data=!3m1!4b1!4m6!14m5!1m4!2m3!1sChdDSUhNMG9nS0VNdWtnYmYtdy1tSW5BRRAB!2m1!1s0x0","Maahihosmani","https://www.google.com/maps/contrib/103527194561898346889/reviews","false","1","5","Got root canal and cap. Very much satisfied with treatment. Doc Jyoti is very good at her work and charges are minimal","",""
"2025-04-15","https://www.google.com/maps/reviews/data=!3m1!4b1!4m6!14m5!1m4!2m3!1sChdDSUhNMG9nS0VNLWFvS1RHZ3FXTjFnRRAB!2m1!1s0x0","chandu kala","https://www.google.com/maps/contrib/113535248455953210458/reviews","false","8","5","Good experience","",""
"2025-04-15","https://www.google.com/maps/reviews/data=!3m1!4b1!4m6!14m5!1m4!2m3!1sChZDSUhNMG9nS0VQUGFvTC1rdV9fY0pnEAE!2m1!1s0x0","Sreedhara Prabhu M D","https://www.google.com/maps/contrib/104454940924715108673/reviews","false","1","5","","",""
"2025-04-15","https://www.google.com/maps/reviews/data=!3m1!4b1!4m6!14m5!1m4!2m3!1sChdDSUhNMG9nS0VMdlg5ZFQtakxtSzlRRRAB!2m1!1s0x0","Harika Narla","https://www.google.com/maps/contrib/108253949809596207387/reviews","false","4","5","","",""
"2025-04-15","https://www.google.com/maps/reviews/data=!3m1!4b1!4m6!14m5!1m4!2m3!1sChdDSUhNMG9nS0VQX3ZsTm1pMnR2WXFBRRAB!2m1!1s0x0","Poornima YO","https://www.google.com/maps/contrib/112142461497127355736/reviews","false","5","4","I had wonderful experience in the clinic . I went for my mom dental treatment she was very patient and did all the treatment in reasonable price . Must visit if you are looking for a best and affordable clinic.","",""
"2025-04-15","https://www.google.com/maps/reviews/data=!3m1!4b1!4m6!14m5!1m4!2m3!1sChdDSUhNMG9nS0VKMjdfLVRJaTVPSS13RRAB!2m1!1s0x0","Pavan Bablu","https://www.google.com/maps/contrib/106417337008997350024/reviews","false","11","5","","",""
"2025-04-15","https://www.google.com/maps/reviews/data=!3m1!4b1!4m6!14m5!1m4!2m3!1sChdDSUhNMG9nS0VNX1d2cDd3X3JLeDVBRRAB!2m1!1s0x0","sumithra s","https://www.google.com/maps/contrib/104844231686013621097/reviews","false","4","5","Doctor was very cordial and very experienced.provide service very quickly. Thank you so much madam","",""
"2025-04-15","https://www.google.com/maps/reviews/data=!3m1!4b1!4m6!14m5!1m4!2m3!1sChZDSUhNMG9nS0VJdUN5UHU4bXNLd2F3EAE!2m1!1s0x0","Five Lions Realty","https://www.google.com/maps/contrib/117487278505297986355/reviews","false","1","5","","",""
"2025-04-15","https://www.google.com/maps/reviews/data=!3m1!4b1!4m6!14m5!1m4!2m3!1sChdDSUhNMG9nS0VNaWN4TDZwNGZlWnZRRRAB!2m1!1s0x0","Aditya Hegde","https://www.google.com/maps/contrib/111991985003373990274/reviews","true","166","5","Dr. Jyoti is very humble doctor and treats patient with care. My mother's root canal treatment was very smoothly done.","",""
"2025-04-15","https://www.google.com/maps/reviews/data=!3m1!4b1!4m6!14m5!1m4!2m3!1sChZDSUhNMG9nS0VMdkduSTZrOHVlek5REAE!2m1!1s0x0","Reshma G","https://www.google.com/maps/contrib/116398381559941821075/reviews","false","1","5","I can't say enough great things about Dr. Jyothi mam! She is extremely professional, knowledgeable, and always takes time to answer all of my questions thoroughly. Besides, every appointment is on time. My treatment has been going great, and I'm beyond happy with the results so far! If you're looking for a top-notch dentist in Bengaluru who genuinely cares about her patients, I highly recommend her! I am delighted with the result of her work and I feel totally confident now.  One of the best dental clinics I have ever been to! and I would recommend this clinic to everyone for all of their dental problems.","",""
"2025-04-15","https://www.google.com/maps/reviews/data=!3m1!4b1!4m6!14m5!1m4!2m3!1sChZDSUhNMG9nS0VJQ0FnSUNfdW9fZllREAE!2m1!1s0x0","Raghunandana Ramachandra","https://www.google.com/maps/contrib/117069528719259814882/reviews","false","4","5","I wanted to take a moment to express my appreciation for the exceptional care I received during my recent visit to your clinic for my tooth issue.From the very beginning, I was impressed by the professionalism and attentiveness of your team. The clinic environment was welcoming and clean, which contributed to my comfort during my treatment.Your timely updates on the status of my treatment were greatly appreciated. It really helps to alleviate any anxiety I had regarding the procedure, knowing that I was being informed every step of the way.Most importantly, the quality of care I received was outstanding. You and your staff demonstrated a high level of expertise and concern for my well-being, which I found very reassuring. I am pleased with the results and the care I received, and I feel confident in my decision to choose your clinic for my dental needs.Thank you once again for your wonderful service. I look forward to my next visit and will not hesitate to recommend your clinic to my friends and family.","",""
"2025-04-15","https://www.google.com/maps/reviews/data=!3m1!4b1!4m6!14m5!1m4!2m3!1sChdDSUhNMG9nS0VQUEQwN2ZQeGFPSHdBRRAB!2m1!1s0x0","iranna pattar","https://www.google.com/maps/contrib/110746565374762829300/reviews","false","4","5","I recently had a wonderful experience with Dr. Jyoti for my tooth treatment. The procedure was not only affordable but also handled with great care and professionalism. Dr. Jyoti took the time to explain the entire process in detail, which helped ease any concerns I had. The treatment itself was very comfortable, and I felt well taken care of throughout. I highly recommend Dr. Jyoti to anyone looking for quality dental care!","",""
"2025-04-15","https://www.google.com/maps/reviews/data=!3m1!4b1!4m6!14m5!1m4!2m3!1sChdDSUhNMG9nS0VPUDg5LW5MbFlIVWx3RRAB!2m1!1s0x0","Gowri c Gowri","https://www.google.com/maps/contrib/114658725359186306708/reviews","false","1","5","Wonderful","",""
"2025-03-15","https://www.google.com/maps/reviews/data=!3m1!4b1!4m6!14m5!1m4!2m3!1sChdDSUhNMG9nS0VKQ3FudFhjNnEyc3JnRRAB!2m1!1s0x0","Ravi Kumar","https://www.google.com/maps/contrib/114211629599642774222/reviews","false","1","5","Super","",""
"2025-03-15","https://www.google.com/maps/reviews/data=!3m1!4b1!4m6!14m5!1m4!2m3!1sChdDSUhNMG9nS0VMVzd4dWVRMU1LSnRnRRAB!2m1!1s0x0","manju kumar","https://www.google.com/maps/contrib/109928838925377198743/reviews","true","8","5","Excellent","",""
"2025-03-15","https://www.google.com/maps/reviews/data=!3m1!4b1!4m6!14m5!1m4!2m3!1sChdDSUhNMG9nS0VJQ0FnTUNZbXJPRnBnRRAB!2m1!1s0x0","Manjunath Prabhu","https://www.google.com/maps/contrib/118188637688406939429/reviews","false","6","5","Doctor is Very friendly and root canal treatment provided for my mom and pain was very less. Thanks doctor","",""
"2025-03-15","https://www.google.com/maps/reviews/data=!3m1!4b1!4m6!14m5!1m4!2m3!1sChZDSUhNMG9nS0VJQ0FnSUQxd1BhTUVnEAE!2m1!1s0x0","Dhanraj kr","https://www.google.com/maps/contrib/110762525707817695422/reviews","false","1","5","","",""
"2025-03-15","https://www.google.com/maps/reviews/data=!3m1!4b1!4m6!14m5!1m4!2m3!1sChZDSUhNMG9nS0VJQ0FnTUNZcEs2SFpnEAE!2m1!1s0x0","Prashanth b.s","https://www.google.com/maps/contrib/108388945942115551793/reviews","true","23","5","My experience was so smooth from start to end.Dr.is skilled & consultation is very goodOne can get confidently treated","",""
"2025-03-15","https://www.google.com/maps/reviews/data=!3m1!4b1!4m6!14m5!1m4!2m3!1sChdDSUhNMG9nS0VJQ0FnTUNZdUx1emtBRRAB!2m1!1s0x0","Jyoti Kumari","https://www.google.com/maps/contrib/113600446874517402504/reviews","false","1","5","","",""
"2025-03-15","https://www.google.com/maps/reviews/data=!3m1!4b1!4m6!14m5!1m4!2m3!1sChZDSUhNMG9nS0VJQ0FnTUNZdUpuY1JREAE!2m1!1s0x0","Bharathi Ashok","https://www.google.com/maps/contrib/110659247597727945945/reviews","false","2","5","Good experience","",""
"2025-03-15","https://www.google.com/maps/reviews/data=!3m1!4b1!4m6!14m5!1m4!2m3!1sChZDSUhNMG9nS0VJQ0FnTUNZNEppdkhREAE!2m1!1s0x0","Ganesan Kutuva Jeevan","https://www.google.com/maps/contrib/116114755273602530024/reviews","true","30","5","Very Good! For my problem they suggested root canal with 3 sittings. Took care well & and excellent followup to make sure everything is fine till the completion of 3 sittings.","",""
"2025-03-15","https://www.google.com/maps/reviews/data=!3m1!4b1!4m6!14m5!1m4!2m3!1sChdDSUhNMG9nS0VJQ0FnTURvOW9xV3hnRRAB!2m1!1s0x0","Shan","https://www.google.com/maps/contrib/117267440201069321055/reviews","false","1","5","I visited this place through a Google reviews......i must have to say that the treatment was very good and Dr Jyoti Sajjan was very polite and I got the detailed explanation for my treatment.....also it's budget friendly.","",""
"2025-03-15","https://www.google.com/maps/reviews/data=!3m1!4b1!4m6!14m5!1m4!2m3!1sChdDSUhNMG9nS0VJQ0FnTUNvX043c3hRRRAB!2m1!1s0x0","Ain Kubra","https://www.google.com/maps/contrib/113072151679573112995/reviews","false","1","5","","",""
"2025-03-15","https://www.google.com/maps/reviews/data=!3m1!4b1!4m6!14m5!1m4!2m3!1sChdDSUhNMG9nS0VJQ0FnTUNvOU83YXN3RRAB!2m1!1s0x0","Manikanta Kumbakonam","https://www.google.com/maps/contrib/116995610632577406707/reviews","false","1","5","","",""
"2025-03-15","https://www.google.com/maps/reviews/data=!3m1!4b1!4m6!14m5!1m4!2m3!1sChZDSUhNMG9nS0VJQ0FnTUNvd08tRVhnEAE!2m1!1s0x0","Parkash Mali","https://www.google.com/maps/contrib/106102931470079547580/reviews","false","1","5","","",""
"2025-02-15","https://www.google.com/maps/reviews/data=!3m1!4b1!4m6!14m5!1m4!2m3!1sChZDSUhNMG9nS0VJQ0FnTURJdnNtOWRnEAE!2m1!1s0x0","Shobha Sharma","https://www.google.com/maps/contrib/104879297959897307738/reviews","false","1","4","","",""
"2025-02-15","https://www.google.com/maps/reviews/data=!3m1!4b1!4m6!14m5!1m4!2m3!1sChZDSUhNMG9nS0VJQ0FnTUNJX2JYYkRnEAE!2m1!1s0x0","Suresh Sharma","https://www.google.com/maps/contrib/109959910593982216735/reviews","false","1","5","","",""
"2025-02-15","https://www.google.com/maps/reviews/data=!3m1!4b1!4m6!14m5!1m4!2m3!1sChZDSUhNMG9nS0VJQ0FnTUNJeFlyZlh3EAE!2m1!1s0x0","Rangantha Rangantha","https://www.google.com/maps/contrib/109158720740471202964/reviews","false","1","5","","",""
"2025-02-15","https://www.google.com/maps/reviews/data=!3m1!4b1!4m6!14m5!1m4!2m3!1sChdDSUhNMG9nS0VJQ0FnTUNJNmZLa3NBRRAB!2m1!1s0x0","Harisha N","https://www.google.com/maps/contrib/110769475934174872371/reviews","false","7","5","","",""
"2025-02-15","https://www.google.com/maps/reviews/data=!3m1!4b1!4m6!14m5!1m4!2m3!1sChZDSUhNMG9nS0VJQ0FnTUNJNXJITE5nEAE!2m1!1s0x0","latha nagesh","https://www.google.com/maps/contrib/100517888142480391691/reviews","false","1","5","","",""
"2025-02-15","https://www.google.com/maps/reviews/data=!3m1!4b1!4m6!14m5!1m4!2m3!1sChZDSUhNMG9nS0VJQ0FnTUNJbXV1NGVnEAE!2m1!1s0x0","nic Oberoi","https://www.google.com/maps/contrib/110936681990146848884/reviews","false","4","4","Good and satisfied treatment","",""
"2025-02-15","https://www.google.com/maps/reviews/data=!3m1!4b1!4m6!14m5!1m4!2m3!1sChZDSUhNMG9nS0VJQ0FnTURJX2RhMGZREAE!2m1!1s0x0","Venkat J","https://www.google.com/maps/contrib/111073666091239967351/reviews","false","1","5","","",""
"2025-02-15","https://www.google.com/maps/reviews/data=!3m1!4b1!4m6!14m5!1m4!2m3!1sChdDSUhNMG9nS0VJQ0FnTURJN2Vuc21RRRAB!2m1!1s0x0","Akash Hadagali","https://www.google.com/maps/contrib/101929050769832450122/reviews","false","3","5","Quick service","",""
"2025-02-15","https://www.google.com/maps/reviews/data=!3m1!4b1!4m6!14m5!1m4!2m3!1sChZDSUhNMG9nS0VJQ0FnTURJeGN5Rkx3EAE!2m1!1s0x0","shridhar hiregange","https://www.google.com/maps/contrib/111538513300712402117/reviews","false","3","5","Excellent doctor, Really we need this type of doctors in this area.I don't have any pain.🙏💐","",""
"2025-02-15","https://www.google.com/maps/reviews/data=!3m1!4b1!4m6!14m5!1m4!2m3!1sChdDSUhNMG9nS0VJQ0FnTUNJbXBiVXZRRRAB!2m1!1s0x0","Haridra Dongre","https://www.google.com/maps/contrib/106695236257429665726/reviews","false","1","5","I have undergone braces treatment and I have satisfied. The treatment was nice.","",""
"2025-02-15","https://www.google.com/maps/reviews/data=!3m1!4b1!4m6!14m5!1m4!2m3!1sChdDSUhNMG9nS0VJQ0FnTUNJdk9YazBBRRAB!2m1!1s0x0","Prashantha K","https://www.google.com/maps/contrib/110586112163611021546/reviews","false","2","5","","",""
"2025-02-15","https://www.google.com/maps/reviews/data=!3m1!4b1!4m6!14m5!1m4!2m3!1sChdDSUhNMG9nS0VJQ0FnTUR3LV9PN2xBRRAB!2m1!1s0x0","Hemamberreddy N","https://www.google.com/maps/contrib/117414624373868862609/reviews","false","4","5","Dr Jyothi madam is good in treatment","",""
"2025-01-15","https://www.google.com/maps/reviews/data=!3m1!4b1!4m6!14m5!1m4!2m3!1sChZDSUhNMG9nS0VJQ0FnTUR3ODR6bVZREAE!2m1!1s0x0","Yalloji Rao T M","https://www.google.com/maps/contrib/113212055568541337730/reviews","false","6","5","Very good Dr. and best treatment I got.","",""
"2025-01-15","https://www.google.com/maps/reviews/data=!3m1!4b1!4m6!14m5!1m4!2m3!1sChdDSUhNMG9nS0VJQ0FnTUR3a1lYcnVnRRAB!2m1!1s0x0","PRABHAKARAN M","https://www.google.com/maps/contrib/104526513060064305592/reviews","false","8","4","I went for my wife's teeth removal. Dr cared well and surgery went good. Good caring and professional.","",""
"2025-01-15","https://www.google.com/maps/reviews/data=!3m1!4b1!4m6!14m5!1m4!2m3!1sChZDSUhNMG9nS0VJQ0FnTUR3dk1MZkN3EAE!2m1!1s0x0","Mamatha B","https://www.google.com/maps/contrib/102201438819087902615/reviews","false","4","5","Good","",""
"2025-01-15","https://www.google.com/maps/reviews/data=!3m1!4b1!4m6!14m5!1m4!2m3!1sChZDSUhNMG9nS0VJQ0FnTUN3dV9lQVV3EAE!2m1!1s0x0","Rohini Reddy Bhavimane","https://www.google.com/maps/contrib/100150309787295095930/reviews","false","2","5","","",""
"2025-01-15","https://www.google.com/maps/reviews/data=!3m1!4b1!4m6!14m5!1m4!2m3!1sChZDSUhNMG9nS0VJQ0FnTUN3MFlfYUxnEAE!2m1!1s0x0","Chandana B V","https://www.google.com/maps/contrib/104613045574993664255/reviews","true","10","5","Clean and hygienic clinic affordable as well overall good","https://lh3.googleusercontent.com/grass-cs/ACvplmM3xoiuoopJTbEtMuFZ6DmiNhNKuztiEARne6VtRlzaKvdb9zsB0NUwgY3zPQl_ZnPAKtbW2iqOdxkel-S5cEB8TB4roxsl9mYAL_Rgphw2DvsYaM4aI_wgNwSZ77ndUJzNU0h4Zw=s157-p-k-rw",""
"2025-01-15","https://www.google.com/maps/reviews/data=!3m1!4b1!4m6!14m5!1m4!2m3!1sChZDSUhNMG9nS0VJQ0FnTUN3MFlfRUp3EAE!2m1!1s0x0","Dhanush V N","https://www.google.com/maps/contrib/100515600306856898165/reviews","true","80","5","Got root canal 3 months back. It was done perfectly","",""
"2025-01-15","https://www.google.com/maps/reviews/data=!3m1!4b1!4m6!14m5!1m4!2m3!1sChZDSUhNMG9nS0VJQ0FnTUN3bk5HY2ZnEAE!2m1!1s0x0","d Basava","https://www.google.com/maps/contrib/103963825064287870158/reviews","false","7","5","","",""
"2025-01-15","https://www.google.com/maps/reviews/data=!3m1!4b1!4m6!14m5!1m4!2m3!1sChdDSUhNMG9nS0VJQ0FnTUN3bk9DUHlnRRAB!2m1!1s0x0","Raghavendra M L","https://www.google.com/maps/contrib/102323084154605023329/reviews","false","5","5","I'm a lawyer by profession and I'm very much satisfied with the treatment provided by Doctor...Very good service and suggest everyone to take treatment from Dr Jyoti","",""
"2025-01-15","https://www.google.com/maps/reviews/data=!3m1!4b1!4m6!14m5!1m4!2m3!1sChRDSUhNMG9nS0VJQ0FnTURRZzRwZxAB!2m1!1s0x0","Pawan Sharma","https://www.google.com/maps/contrib/109038066080278603979/reviews","true","13","4","Good Doctor. 🧑‍⚕️.She handle kids 👧 my daughter with RCT . My daughter happy with treatment.","",""
"2025-01-15","https://www.google.com/maps/reviews/data=!3m1!4b1!4m6!14m5!1m4!2m3!1sChZDSUhNMG9nS0VJQ0FnTURRbWRHSGNBEAE!2m1!1s0x0","Prabhakaran Krishnan","https://www.google.com/maps/contrib/115895810310710529763/reviews","false","2","5","I had a good experience doing root canal treatment.","",""
"2025-01-15","https://www.google.com/maps/reviews/data=!3m1!4b1!4m6!14m5!1m4!2m3!1sChdDSUhNMG9nS0VJQ0FnTURRd2MzUGxRRRAB!2m1!1s0x0","Usha S","https://www.google.com/maps/contrib/110906860891622371118/reviews","false","4","5","","",""
"2025-01-15","https://www.google.com/maps/reviews/data=!3m1!4b1!4m6!14m5!1m4!2m3!1sChdDSUhNMG9nS0VJQ0FnTUNReDllaDdRRRAB!2m1!1s0x0","sagar A","https://www.google.com/maps/contrib/108349860453889602438/reviews","false","1","5","I recently underwent a root canal treatment at Apex Dental Clinic, and I am extremely pleased with the entire experience. From the initial consultation to the final procedure, Dr Jyothi mam made me feel comfortable and well-informed every step of the way. The clinic's atmosphere is calm and modern. I highly recommend Apex Dental Clinic for anyone needing any dental problems. Thank you","",""
"2024-12-15","https://www.google.com/maps/reviews/data=!3m1!4b1!4m6!14m5!1m4!2m3!1sChdDSUhNMG9nS0VJQ0FnTUNRaC1tSC1RRRAB!2m1!1s0x0","Soumya Potturu","https://www.google.com/maps/contrib/107461143963685321837/reviews","false","2","5","Best treatment","",""
"2024-12-15","https://www.google.com/maps/reviews/data=!3m1!4b1!4m6!14m5!1m4!2m3!1sChdDSUhNMG9nS0VJQ0FnTUNRN3VYZ3hnRRAB!2m1!1s0x0","Venkat Rao","https://www.google.com/maps/contrib/107566942126193150473/reviews","true","9","5","","",""
"2024-12-15","https://www.google.com/maps/reviews/data=!3m1!4b1!4m6!14m5!1m4!2m3!1sChdDSUhNMG9nS0VJQ0FnTUNRN3NYODF3RRAB!2m1!1s0x0","Visveshwaran Raghunathan","https://www.google.com/maps/contrib/102911180927037470832/reviews","true","13","5","Dr Jyoti Sajjan is very polite and soft nature, I had root canal in upper molar, during treatment no pain at all  and didn't feel any thing much and she fixed the teeth finally now more comfortable. thankyou Dr. I really want to recommend her treatment is good. Equipments are neetly maintained.","",""
"2024-12-15","https://www.google.com/maps/reviews/data=!3m1!4b1!4m6!14m5!1m4!2m3!1sChdDSUhNMG9nS0VJQ0FnTUNRZ3NHZXpRRRAB!2m1!1s0x0","Prabhu Pinto","https://www.google.com/maps/contrib/104363231759666198214/reviews","false","3","4","Gud  excellent treatment","",""
"2024-12-15","https://www.google.com/maps/reviews/data=!3m1!4b1!4m6!14m5!1m4!2m3!1sChdDSUhNMG9nS0VJQ0FnTURnbFlPdzZ3RRAB!2m1!1s0x0","Hari Kumar","https://www.google.com/maps/contrib/107247800766232746037/reviews","false","9","5","Many dentist said that it's not possible with braces but here the doctor was confident and made it possible.          And was good experience overall very flexible timings and friendly.","https://lh3.googleusercontent.com/grass-cs/ACvplmNBcqmDa6QFX9gk2o8Ys7cF2teMYGG34p4eaSIIvV-ov_ivwWRGCnhgXFWyLZs1bFJphOk74bbfBk6KaRjVqh_rsEAnZiZWTMnQjabmJIJU-yDjuR0PszSAeoDvrQnL-6XyCBej=s157-p-k-rw, https://lh3.googleusercontent.com/grass-cs/ACvplmNvJ0refqs463BtuFUpMh4iCv-IGOY3ZGSnTzTmczB3OOeP3Sb4J8kWJRcoOa84p8lUMjcwvHbzsKicBeNo7-6dpcEjilYT9fuB74ChyCftK9H8zrWc9GlwB0zZxFgJASXCq9pq=s157-p-k-rw",""
"2024-12-15","https://www.google.com/maps/reviews/data=!3m1!4b1!4m6!14m5!1m4!2m3!1sChdDSUhNMG9nS0VJQ0FnSUNua3NmUDBnRRAB!2m1!1s0x0","Pratik Kumar","https://www.google.com/maps/contrib/108332798345651637314/reviews","false","4","5","Recently I had taken my mother in this clinic for root canal treatment. I was amazed that my mother felt no pain at all. She is very proactive and show great degree of work ethics.","",""
"2024-12-15","https://www.google.com/maps/reviews/data=!3m1!4b1!4m6!14m5!1m4!2m3!1sChZDSUhNMG9nS0VJQ0FnTURnbUluY1lnEAE!2m1!1s0x0","Raj Raj","https://www.google.com/maps/contrib/107284084248679153616/reviews","false","1","5","","",""
"2024-12-15","https://www.google.com/maps/reviews/data=!3m1!4b1!4m6!14m5!1m4!2m3!1sChZDSUhNMG9nS0VJQ0FnTUNncy1tWkdREAE!2m1!1s0x0","imtiyaz chattarki","https://www.google.com/maps/contrib/103669096108911113528/reviews","false","3","5","She is very knowledgeable and explained everything clearly throughout the procedure.  I highly recommend this dental clinic to anyone looking for excellent care and a positive experience.","",""
"2024-12-15","https://www.google.com/maps/reviews/data=!3m1!4b1!4m6!14m5!1m4!2m3!1sChdDSUhNMG9nS0VJQ0FnTUNnc2ZYTm5BRRAB!2m1!1s0x0","Rajashekhar S kore","https://www.google.com/maps/contrib/109293683740830459450/reviews","false","1","5","Good treatment sir good experience finaly all good hospital","",""
"2024-12-15","https://www.google.com/maps/reviews/data=!3m1!4b1!4m6!14m5!1m4!2m3!1sChdDSUhNMG9nS0VJQ0FnTUNnMUstbW13RRAB!2m1!1s0x0","Pradeep Kumar","https://www.google.com/maps/contrib/112519662665305475551/reviews","false","8","5","Good Service. Satisfactory","",""
"2024-12-15","https://www.google.com/maps/reviews/data=!3m1!4b1!4m6!14m5!1m4!2m3!1sChZDSUhNMG9nS0VJQ0FnTUNnMU9paFpBEAE!2m1!1s0x0","Gayathridevi Devi","https://www.google.com/maps/contrib/104639064847666950164/reviews","false","1","5","Good service","",""
"2024-12-15","https://www.google.com/maps/reviews/data=!3m1!4b1!4m6!14m5!1m4!2m3!1sChdDSUhNMG9nS0VJQ0FnTUNnd05peDlnRRAB!2m1!1s0x0","Kavya S","https://www.google.com/maps/contrib/106972548305906212740/reviews","false","3","5","Best orthodental clinic in banglore","",""
"2024-11-15","https://www.google.com/maps/reviews/data=!3m1!4b1!4m6!14m5!1m4!2m3!1sChZDSUhNMG9nS0VJQ0FnSUNfdnM2NE1REAE!2m1!1s0x0","Ravindra V","https://www.google.com/maps/contrib/114950176824760048034/reviews","false","3","5","Excellent,and less pay","",""
"2024-11-15","https://www.google.com/maps/reviews/data=!3m1!4b1!4m6!14m5!1m4!2m3!1sChdDSUhNMG9nS0VJQ0FnTURBbDZDTnB3RRAB!2m1!1s0x0","Navya Sajjan","https://www.google.com/maps/contrib/103664262994982519760/reviews","false","2","5","Personally,i am very much satisfied with the doctor.She is very calm and patient, she treats all her patients wit love.And secondly, the ambience of the clinic is very gud.And lastly,if u r searching for a Orthodontic clinic in Bangalore ,this is the Best","",""
"2024-11-15","https://www.google.com/maps/reviews/data=!3m1!4b1!4m6!14m5!1m4!2m3!1sChZDSUhNMG9nS0VJQ0FnTURBblpDR0hREAE!2m1!1s0x0","Za bi","https://www.google.com/maps/contrib/113085135785168779350/reviews","false","1","3","👍","",""
"2024-11-15","https://www.google.com/maps/reviews/data=!3m1!4b1!4m6!14m5!1m4!2m3!1sChZDSUhNMG9nS0VJQ0FnTURBMU5lRFd3EAE!2m1!1s0x0","Sanjay Salunkhe","https://www.google.com/maps/contrib/115937653429103932998/reviews","false","1","5","","",""
"2024-11-15","https://www.google.com/maps/reviews/data=!3m1!4b1!4m6!14m5!1m4!2m3!1sChdDSUhNMG9nS0VJQ0FnTURBaU1yWWlRRRAB!2m1!1s0x0","sonesh bhar","https://www.google.com/maps/contrib/114849892707581700785/reviews","false","2","5","Wonderful experience","",""
"2024-11-15","https://www.google.com/maps/reviews/data=!3m1!4b1!4m6!14m5!1m4!2m3!1sChdDSUhNMG9nS0VJQ0FnTUNBb2VpV2hBRRAB!2m1!1s0x0","RENUKA DEVI","https://www.google.com/maps/contrib/107190580273624607439/reviews","false","2","5","","",""
"2024-11-15","https://www.google.com/maps/reviews/data=!3m1!4b1!4m6!14m5!1m4!2m3!1sChdDSUhNMG9nS0VJQ0FnTUNBdnZIMHJnRRAB!2m1!1s0x0","chandrahasa hu","https://www.google.com/maps/contrib/101093235827699124653/reviews","false","4","5","Treating good","",""
"2024-11-15","https://www.google.com/maps/reviews/data=!3m1!4b1!4m6!14m5!1m4!2m3!1sChdDSUhNMG9nS0VJQ0FnTUNBNG9HUHNRRRAB!2m1!1s0x0","Ankith Raghu","https://www.google.com/maps/contrib/112570491872826991168/reviews","false","4","5","","",""
"2024-11-15","https://www.google.com/maps/reviews/data=!3m1!4b1!4m6!14m5!1m4!2m3!1sChdDSUhNMG9nS0VJQ0FnSURfei0zeS1nRRAB!2m1!1s0x0","Manju Manjunatha","https://www.google.com/maps/contrib/104244430626594761926/reviews","false","1","5","","",""
"2024-11-15","https://www.google.com/maps/reviews/data=!3m1!4b1!4m6!14m5!1m4!2m3!1sChZDSUhNMG9nS0VJQ0FnSURfLWVDMUxnEAE!2m1!1s0x0","Pooja Kumari 48","https://www.google.com/maps/contrib/108956871342293263818/reviews","false","2","5","I visited apex dental few days ago for tooth extraction, my experience was very pleasant with the presence of such an amazing dr, Dr Jyoti she helped me calm down . She was very professional and good at her job thanks to her my tooth was removed without much pain. The service was great .","",""
"2024-11-15","https://www.google.com/maps/reviews/data=!3m1!4b1!4m6!14m5!1m4!2m3!1sChZDSUhNMG9nS0VJQ0FnSURfMkphTEFnEAE!2m1!1s0x0","Kishore Mallapur","https://www.google.com/maps/contrib/115582655463126767206/reviews","false","4","5","Dental issues explained in detail, with alternate solutions to address the issues. Treatment effective.","",""
"2024-11-15","https://www.google.com/maps/reviews/data=!3m1!4b1!4m6!14m5!1m4!2m3!1sChdDSUhNMG9nS0VJQ0FnSUNfcmVQeGlnRRAB!2m1!1s0x0","Neena Therasa P J","https://www.google.com/maps/contrib/108055296800479771710/reviews","false","2","5","I have undergone braces (orthodontic) treatment by Dr Jyoti..results are very satisfying and treatment got finished very early than being told..Thank you so much Doc","",""
"2024-10-15","https://www.google.com/maps/reviews/data=!3m1!4b1!4m6!14m5!1m4!2m3!1sChdDSUhNMG9nS0VJQ0FnSUNfMU4tdTVRRRAB!2m1!1s0x0","Sanjay Bhuvan","https://www.google.com/maps/contrib/107387992880972410949/reviews","false","2","5","","",""
"2024-10-15","https://www.google.com/maps/reviews/data=!3m1!4b1!4m6!14m5!1m4!2m3!1sChdDSUhNMG9nS0VJQ0FnSUNmdDZ2RTRnRRAB!2m1!1s0x0","Sharanappa kar","https://www.google.com/maps/contrib/115982428936669946720/reviews","false","2","5","","",""
"2024-10-15","https://www.google.com/maps/reviews/data=!3m1!4b1!4m6!14m5!1m4!2m3!1sChZDSUhNMG9nS0VJQ0FnSUNmMTlyY2JBEAE!2m1!1s0x0","gopal rupanagudi","https://www.google.com/maps/contrib/102488697065881859548/reviews","false","1","4","","",""
"2024-10-15","https://www.google.com/maps/reviews/data=!3m1!4b1!4m6!14m5!1m4!2m3!1sChZDSUhNMG9nS0VJQ0FnSUNfM3NlaGZBEAE!2m1!1s0x0","Thanuja h Thanu","https://www.google.com/maps/contrib/104277647546365719997/reviews","false","3","5","Very much satisfied with treatment and affordable also","",""
"2024-10-15","https://www.google.com/maps/reviews/data=!3m1!4b1!4m6!14m5!1m4!2m3!1sChdDSUhNMG9nS0VJQ0FnSUR2eXNlQzhnRRAB!2m1!1s0x0","yathiraj ua","https://www.google.com/maps/contrib/114429706643150386136/reviews","false","7","5","Excellent work with reasonable fees! Absolutely a great dentist!","",""
"2024-10-15","https://www.google.com/maps/reviews/data=!3m1!4b1!4m6!14m5!1m4!2m3!1sChZDSUhNMG9nS0VJQ0FnSUN2NVBHa2Z3EAE!2m1!1s0x0","Sreekala Mallapur","https://www.google.com/maps/contrib/107967557908930936684/reviews","false","1","5","Accurate diagnosis and treatment procedure thereafter  have helped me resolve my dental problems.","",""
"2024-10-15","https://www.google.com/maps/reviews/data=!3m1!4b1!4m6!14m5!1m4!2m3!1sChdDSUhNMG9nS0VJQ0FnSUN2OFBfSjFBRRAB!2m1!1s0x0","Aparna S.A","https://www.google.com/maps/contrib/107867373075322508968/reviews","false","3","5","I highly recommend this place. She answers our queries with patience and she is friendly. If you have any dental issue she is the right person for all your dental problem.","",""
"2024-10-15","https://www.google.com/maps/reviews/data=!3m1!4b1!4m6!14m5!1m4!2m3!1sChZDSUhNMG9nS0VJQ0FnSUNQNjZTTU53EAE!2m1!1s0x0","Joshi R","https://www.google.com/maps/contrib/113456966935807974472/reviews","false","1","5","I had my wisdom tooth removed, and it went smoothly. The procedure was quick, and recovery was manageable with minimal pain. The doctor was professional and checked up on me to ensure everything was going well. Highly recommend!","",""
"2024-10-15","https://www.google.com/maps/reviews/data=!3m1!4b1!4m6!14m5!1m4!2m3!1sChZDSUhNMG9nS0VJQ0FnSUNQNVlPMldREAE!2m1!1s0x0","Thanuj Kumar K","https://www.google.com/maps/contrib/107671655126272245765/reviews","false","9","5","Very good service...","",""
"2024-10-15","https://www.google.com/maps/reviews/data=!3m1!4b1!4m6!14m5!1m4!2m3!1sChdDSUhNMG9nS0VJQ0FnSUQzaEs2a3ZRRRAB!2m1!1s0x0","Santhosh Anudeep","https://www.google.com/maps/contrib/110043354941385173380/reviews","false","8","5","The clinic has very good equipment and doctor treats us in a friendly way. Had a very good experience for my mother's treatment.","",""
"2024-10-15","https://www.google.com/maps/reviews/data=!3m1!4b1!4m6!14m5!1m4!2m3!1sChZDSUhNMG9nS0VJQ0FnSUQzaU91TkVnEAE!2m1!1s0x0","roopa rp","https://www.google.com/maps/contrib/104722614112958192344/reviews","false","5","5","Excellent treatment","",""
"2024-10-15","https://www.google.com/maps/reviews/data=!3m1!4b1!4m6!14m5!1m4!2m3!1sChZDSUhNMG9nS0VJQ0FnSUMzd2U2dmF3EAE!2m1!1s0x0","santhosh kumar","https://www.google.com/maps/contrib/104142745388275747946/reviews","false","1","5","Really nice dentist I've seen in forever clean and good environment.","",""
"2024-09-15","https://www.google.com/maps/reviews/data=!3m1!4b1!4m6!14m5!1m4!2m3!1sChZDSUhNMG9nS0VJQ0FnSUMzelBHdUxBEAE!2m1!1s0x0","Anand Gowda","https://www.google.com/maps/contrib/100777722108458867773/reviews","true","13","5","Doctor has very good patience and very systematic treatment","",""
"2024-09-15","https://www.google.com/maps/reviews/data=!3m1!4b1!4m6!14m5!1m4!2m3!1sChZDSUhNMG9nS0VJQ0FnSURYOGNMT1pREAE!2m1!1s0x0","N.K Karthik","https://www.google.com/maps/contrib/105417696925547974721/reviews","false","2","5","Good dental care and first aid services for teeth.","",""
"2024-09-15","https://www.google.com/maps/reviews/data=!3m1!4b1!4m6!14m5!1m4!2m3!1sChZDSUhNMG9nS0VJQ0FnSURYd3F2Z2RnEAE!2m1!1s0x0","B Rocky","https://www.google.com/maps/contrib/103208341132009760188/reviews","false","1","5","","",""
"2024-09-15","https://www.google.com/maps/reviews/data=!3m1!4b1!4m6!14m5!1m4!2m3!1sChdDSUhNMG9nS0VJQ0FnSUNYdFpPN2pRRRAB!2m1!1s0x0","Lovely boy Siddu","https://www.google.com/maps/contrib/102250606547391265398/reviews","false","2","5","Satisfied with the treatment provided by doctor and reasonable price","",""
"2024-09-15","https://www.google.com/maps/reviews/data=!3m1!4b1!4m6!14m5!1m4!2m3!1sChZDSUhNMG9nS0VJQ0FnSUNYdktXNVFREAE!2m1!1s0x0","Sultan Sadiq","https://www.google.com/maps/contrib/105090417145601345482/reviews","true","17","5","I visit to Apex dental for my teeth pain problem after Jyoti madam take my teeth x-ray  after doctor told ur teeth in side full infection after told first you have to do root canal I tell ok after I I visit three times after infection has taken outside after doctor fix the cap my problem we'll solved 😊 thank you for doctor 🙏 best service","",""
"2024-09-15","https://www.google.com/maps/reviews/data=!3m1!4b1!4m6!14m5!1m4!2m3!1sChdDSUhNMG9nS0VJQ0FnSUNud0tPYXhRRRAB!2m1!1s0x0","Arpaleshwari","https://www.google.com/maps/contrib/106283143357979456353/reviews","false","1","5","I am satisfied with my braces treatment at Dr. Jyothi's clinic! The treatment was good, and the results was excellent. Dr.Jyothi is also friendly and approachable. Thank you, Dr. Jyothi 😊","",""
"2024-09-15","https://www.google.com/maps/reviews/data=!3m1!4b1!4m6!14m5!1m4!2m3!1sChdDSUhNMG9nS0VJQ0FnSURIbTczTjlRRRAB!2m1!1s0x0","Veena Siri","https://www.google.com/maps/contrib/103784204176455261317/reviews","false","4","5","""I recently underwent root canal treatment and had zirconia crowns placed on three teeth with Dr. Jyothi. I was thoroughly impressed with the quality of care. The treatment was effective, and I’m very pleased with the results. Dr. Jyothi exhibited remarkable patience during every check-up, ensuring all my questions were answered. The clinic was clean and Dr Jyothi is very friendly. I highly recommend her services!""From -Veena","https://lh3.googleusercontent.com/grass-cs/ACvplmM2Ga9zIxN6OizKnEpPXcnnXfAqLh3ntV8OeE37jEnM5tgl4ThxoGuRgPEgcKBj5q52jdIGsUWf9-l-kVwj7e4EQ3r2zdN7W6uOIA9oEWCmXesRJi1VV3tlnjW4fASetgHjqGsw=s157-p-k-rw",""
"2024-09-15","https://www.google.com/maps/reviews/data=!3m1!4b1!4m6!14m5!1m4!2m3!1sChdDSUhNMG9nS0VJQ0FnSURIMEtiVzR3RRAB!2m1!1s0x0","Sandeep Tripathy","https://www.google.com/maps/contrib/104234209387562556153/reviews","false","8","5","It was Indeed a pleasent experience over all, Dr Jyothi has a great hand and is a skilled Dentist","",""
"2024-09-15","https://www.google.com/maps/reviews/data=!3m1!4b1!4m6!14m5!1m4!2m3!1sChdDSUhNMG9nS0VJQ0FnSUNIMWJDTTR3RRAB!2m1!1s0x0","Kiran Raj","https://www.google.com/maps/contrib/110068593358253139780/reviews","false","6","5","Got Root canal treatment and new teeth cap here. Dr. Jyothi gave excellent Dental treatment and teeth Cap which looks so natural same as like my other teeths.Clinic Maintained very neatly and felt calm atmosphere.I recommend this clinic.","",""
"2024-09-15","https://www.google.com/maps/reviews/data=!3m1!4b1!4m6!14m5!1m4!2m3!1sChZDSUhNMG9nS0VJQ0FnSUNIeXVhOUV3EAE!2m1!1s0x0","Sajjan Kumar Gupta","https://www.google.com/maps/contrib/117209986857955706022/reviews","true","17","5","She is very knowledgeable and treats you with utmost care. Highly Recommend!","",""
"2024-09-15","https://www.google.com/maps/reviews/data=!3m1!4b1!4m6!14m5!1m4!2m3!1sChZDSUhNMG9nS0VJQ0FnSUNIaUtlcmVBEAE!2m1!1s0x0","mail shankar81","https://www.google.com/maps/contrib/106383863177464313102/reviews","false","5","5","Doctor is very good. She treats patients very patiently. I suggest this Doctor for any dental issues.","",""
"2024-09-15","https://www.google.com/maps/reviews/data=!3m1!4b1!4m6!14m5!1m4!2m3!1sChdDSUhNMG9nS0VJQ0FnSUQ3NThPeHRBRRAB!2m1!1s0x0","Leela Bhaskar","https://www.google.com/maps/contrib/109822745395577207204/reviews","false","1","5","Dr. Jyoti was very good. I would highly recommend her.","",""
"2024-08-15","https://www.google.com/maps/reviews/data=!3m1!4b1!4m6!14m5!1m4!2m3!1sChZDSUhNMG9nS0VJQ0FnSUQ3N1ltWUNnEAE!2m1!1s0x0","Divya Khedkar","https://www.google.com/maps/contrib/101577531520237312019/reviews","false","5","5","I want to thank Dr.Jyothi for the expertise, professionalism and the way she clearly explain everything. I appreciate how you take the time to discuss different approaches and recommend what you believe is the best fit for me. Thank you for always making me feel comfortable with my dental care.","",""
"2024-08-15","https://www.google.com/maps/reviews/data=!3m1!4b1!4m6!14m5!1m4!2m3!1sChZDSUhNMG9nS0VJQ0FnSUM3dE82NlVREAE!2m1!1s0x0","Ramya Murali","https://www.google.com/maps/contrib/105384344695243792455/reviews","false","2","5","ನೈಸ್ ಅಂಡ್ ವೆಲ್ ಟ್ರೀಟೆಡ್","",""
"2024-07-15","https://www.google.com/maps/reviews/data=!3m1!4b1!4m6!14m5!1m4!2m3!1sChdDSUhNMG9nS0VJQ0FnSUM3LUtTRjBBRRAB!2m1!1s0x0","Radhika V Nambiar","https://www.google.com/maps/contrib/109955067062615184987/reviews","false","8","5","Glad I chose Apex Dental & Orthodontic Clinic. Dr. Jyoti is through professional and makes you feel very comfortable. Also, mam explains the problem in detail and is very patient with your queries. Very clean and reasonable consultation. Strongly recommend Dr. Jyoti, Wish you all the best Mam.","",""
"2024-07-15","https://www.google.com/maps/reviews/data=!3m1!4b1!4m6!14m5!1m4!2m3!1sChdDSUhNMG9nS0VJQ0FnSURieThXeV93RRAB!2m1!1s0x0","kiran kumar","https://www.google.com/maps/contrib/112517471437470074136/reviews","false","7","5","Recently I visited Apex Dental and Orthodontics Clinic for my son dental problem. The way Dr jyoti  handled the case, with patience is quite impressive. Even my son was also happy. Cost of procedure also reasonable.  I recomend Apex Dental and Orthodontic clinic for all type of dental problems.","",""
"2024-07-15","https://www.google.com/maps/reviews/data=!3m1!4b1!4m6!14m5!1m4!2m3!1sChZDSUhNMG9nS0VJQ0FnSURieFpQdFhBEAE!2m1!1s0x0","Abhijith L","https://www.google.com/maps/contrib/107476846170302480308/reviews","true","16","5","Best dental clinic around vidyaranyapura. Very professional and clinic is well equipped. Dr jyothi sajjan thank you🙏","",""
"2024-07-15","https://www.google.com/maps/reviews/data=!3m1!4b1!4m6!14m5!1m4!2m3!1sChZDSUhNMG9nS0VJQ0FnSURicnVMWkFREAE!2m1!1s0x0","Sharada Badmi","https://www.google.com/maps/contrib/113588380492963514106/reviews","false","2","5","Dr. Jyothi is very caring doctor. She is just a phone call away for all our queries & concerns. For my first visit with my daughter, she made my kid very comfortable during the entire procedure. I strongly recommend Dr.Jyothi for all dental concerns. Thank you ma'am 😊","",""
"2024-07-15","https://www.google.com/maps/reviews/data=!3m1!4b1!4m6!14m5!1m4!2m3!1sChZDSUhNMG9nS0VJQ0FnSURiNHJLS1J3EAE!2m1!1s0x0","Thaman B H","https://www.google.com/maps/contrib/102107874888069199263/reviews","false","1","5","","",""
"2024-07-15","https://www.google.com/maps/reviews/data=!3m1!4b1!4m6!14m5!1m4!2m3!1sChZDSUhNMG9nS0VJQ0FnSURiX0xtU0ZREAE!2m1!1s0x0","Ganesh Gowda","https://www.google.com/maps/contrib/112535005797863615677/reviews","true","240","5","I was visiting dentist for the 1st time, lot of my friends had told about horrifying horrible stories, but today my visit changed all of that, the Doctor was so good at her skills. She is very knowledgeable Doctor, nice clinic, reasonable price,  it's a must visit place for your oral health.","",""
"2024-07-15","https://www.google.com/maps/reviews/data=!3m1!4b1!4m6!14m5!1m4!2m3!1sChZDSUhNMG9nS0VJQ0FnSURiMEpQQVhBEAE!2m1!1s0x0","oshin bhardwaj","https://www.google.com/maps/contrib/111865120494307685899/reviews","false","9","5","Excellent service:.. Every doctor had advised me for surgery but this doctor removed the tooth and that too at the lowest rate and without any pain. nature by she is too good. everyone having theeth pain go apax dantal clinic..Thank you mam.","",""
"2024-07-15","https://www.google.com/maps/reviews/data=!3m1!4b1!4m6!14m5!1m4!2m3!1sChdDSUhNMG9nS0VJQ0FnSURybjdiU25BRRAB!2m1!1s0x0","mohan kumar","https://www.google.com/maps/contrib/104858785120821894382/reviews","true","5","5","Doctor has a good experience in proper treatment. Guides a right treatment as per the requirement & no misleading the patient. The prices also comparatively lesser.","",""
"2024-07-15","https://www.google.com/maps/reviews/data=!3m1!4b1!4m6!14m5!1m4!2m3!1sChZDSUhNMG9nS0VJQ0FnSURyNUo2VmZBEAE!2m1!1s0x0","madan Kumar","https://www.google.com/maps/contrib/111936748533498508180/reviews","false","6","5","I visited Apex Dental for my tooth extraction. The doctor was exceptionally friendly and conducted the procedure with great hygiene standards. I highly recommend them.","",""
"2024-07-15","https://www.google.com/maps/reviews/data=!3m1!4b1!4m6!14m5!1m4!2m3!1sChZDSUhNMG9nS0VJQ0FnSURyc0xfLUxREAE!2m1!1s0x0","dona debbarma","https://www.google.com/maps/contrib/108534309063222727682/reviews","false","7","5","Dr. Jyoti is an excellent Dentist, i recently underwent teeth alignment procedure at Apex Dental. Dr. Jyoti was very detail in explaining the procedure and outcome. My family members also have undergone treatment at Apex Dental. I would highly recommend Apex Dental for any dental issues. Dr. Jyoti is always available for any queries or small issues. Really appreciate the care and support Dr. Jyoti provides","",""
"2024-07-15","https://www.google.com/maps/reviews/data=!3m1!4b1!4m6!14m5!1m4!2m3!1sChZDSUhNMG9nS0VJQ0FnSUNyLThlUFpnEAE!2m1!1s0x0","Harish Dongre","https://www.google.com/maps/contrib/115369561565121516397/reviews","true","25","5","","",""
"2024-07-15","https://www.google.com/maps/reviews/data=!3m1!4b1!4m6!14m5!1m4!2m3!1sChdDSUhNMG9nS0VJQ0FnSUNyaVl6NS13RRAB!2m1!1s0x0","Akshay Jayan","https://www.google.com/maps/contrib/101280479279915423912/reviews","true","44","5","Dr Jyothi was friendly and polite she helped me making my teeth better then before...highly recommend.","",""
"2024-06-15","https://www.google.com/maps/reviews/data=!3m1!4b1!4m6!14m5!1m4!2m3!1sChZDSUhNMG9nS0VJQ0FnSUNyeHZlcWJnEAE!2m1!1s0x0","Mahi Prakash","https://www.google.com/maps/contrib/111513716577495653304/reviews","false","12","5","Dr. Jyothi was very polite and explained the treatment plan very well. Also she helped me get the aligners in a very short duration since I had to travel. Thank you very much doctor. I shall update once again once my treatment is complete.","",""
"2024-06-15","https://www.google.com/maps/reviews/data=!3m1!4b1!4m6!14m5!1m4!2m3!1sChdDSUhNMG9nS0VJQ0FnSURMMjRLdDFRRRAB!2m1!1s0x0","Siddu N","https://www.google.com/maps/contrib/113424005127022426322/reviews","false","3","5","Good treatment Good doctor","",""
"2024-06-15","https://www.google.com/maps/reviews/data=!3m1!4b1!4m6!14m5!1m4!2m3!1sChZDSUhNMG9nS0VJQ0FnSURMMjVUck13EAE!2m1!1s0x0","Siddu N","https://www.google.com/maps/contrib/114864462364326951663/reviews","false","3","5","Very good and affordable treatment in Bangalore north","",""
"2024-06-15","https://www.google.com/maps/reviews/data=!3m1!4b1!4m6!14m5!1m4!2m3!1sChdDSUhNMG9nS0VJQ0FnSURMbTdxZmdBRRAB!2m1!1s0x0","Harsha","https://www.google.com/maps/contrib/116997309451783418815/reviews","true","23","5","Taking treatment for tooth clips, process taken care... Treatment very good. Highly recommended....","",""
"2024-06-15","https://www.google.com/maps/reviews/data=!3m1!4b1!4m6!14m5!1m4!2m3!1sChdDSUhNMG9nS0VJQ0FnSURMLXZ6VHNRRRAB!2m1!1s0x0","Prasad","https://www.google.com/maps/contrib/116271198011287480142/reviews","true","93","5","Best dental Surgeon I have come across.  She saved my teeth and the price is very reasonable","",""
"2024-06-15","https://www.google.com/maps/reviews/data=!3m1!4b1!4m6!14m5!1m4!2m3!1sChZDSUhNMG9nS0VJQ0FnSUNMNzVDMFl3EAE!2m1!1s0x0","Soura Roy","https://www.google.com/maps/contrib/101349373064910234167/reviews","true","16","5","I had a toothache and the tooth was in bad condition. Her treatment has given me relief. It was cost effective as well. In the Doddabettahalli village area, people have to visit Yelahanka or Vidyaranapura for checkup. Apex dental is filling up this void in the field of dentistry.","",""
"2024-06-15","https://www.google.com/maps/reviews/data=!3m1!4b1!4m6!14m5!1m4!2m3!1sChZDSUhNMG9nS0VJQ0FnSUNMX2JhdGFREAE!2m1!1s0x0","Basavaraj Sajjanshetty","https://www.google.com/maps/contrib/105108426456008934333/reviews","false","1","5","Got dentures done here. Very good treatment","",""
"2024-06-15","https://www.google.com/maps/reviews/data=!3m1!4b1!4m6!14m5!1m4!2m3!1sChZDSUhNMG9nS0VJQ0FnSUNMMGJfNU9nEAE!2m1!1s0x0","Pallavi","https://www.google.com/maps/contrib/110841762600985766667/reviews","false","3","5","Very good clinic.she gave good advice for my son's treatment.","",""
"2024-06-15","https://www.google.com/maps/reviews/data=!3m1!4b1!4m6!14m5!1m4!2m3!1sChdDSUhNMG9nS0VJQ0FnSUR6NzViQjhBRRAB!2m1!1s0x0","perfections100","https://www.google.com/maps/contrib/111956521792133637201/reviews","true","77","5","I got my filling and cleaning done and Dr Jyothi is very professional and was very patient through out the whole procedure. She is a perfectionist and I am very happy with the results. I will definitely definitely recommend.","",""
"2024-06-15","https://www.google.com/maps/reviews/data=!3m1!4b1!4m6!14m5!1m4!2m3!1sChZDSUhNMG9nS0VJQ0FnSUR6dC1paWRREAE!2m1!1s0x0","Krishna Murthy","https://www.google.com/maps/contrib/108871262910407363897/reviews","false","1","5","Satisfied with the treatment given by doctor","",""
"2024-06-15","https://www.google.com/maps/reviews/data=!3m1!4b1!4m6!14m5!1m4!2m3!1sChZDSUhNMG9nS0VJQ0FnSUR6cGQtSmF3EAE!2m1!1s0x0","Swathi Nakka","https://www.google.com/maps/contrib/107859227162386219709/reviews","false","4","5","Had a very good and painless experience. Good part is  Dr.Jyoti contacted post treatment as well to ensure if there are no issues with my decay teeth. The best clinic in vidyaranyapura.","",""
"2024-06-15","https://www.google.com/maps/reviews/data=!3m1!4b1!4m6!14m5!1m4!2m3!1sChdDSUhNMG9nS0VJQ0FnSUR6dkxyRWxRRRAB!2m1!1s0x0","Sahebreddy Deshpande","https://www.google.com/maps/contrib/101333296216892894118/reviews","false","2","5","Painless treatment provided and doctors was treated well","",""
"2024-05-15","https://www.google.com/maps/reviews/data=!3m1!4b1!4m6!14m5!1m4!2m3!1sChZDSUhNMG9nS0VJQ0FnSUR6ekt2N1JBEAE!2m1!1s0x0","ashu yadav","https://www.google.com/maps/contrib/104198428932809563369/reviews","true","25","5","Doctor Jyothi is very professional and listens to your problem properly. She attends the patient well and does the treatment so smoothly. I got my wisdom tooth extracted and it was very smooth procedure.  Thank you for the painless process 🙂","",""
"2024-05-15","https://www.google.com/maps/reviews/data=!3m1!4b1!4m6!14m5!1m4!2m3!1sChdDSUhNMG9nS0VJQ0FnSUNUdHFfVjhBRRAB!2m1!1s0x0","Nisha B","https://www.google.com/maps/contrib/107774920163720234432/reviews","false","7","5","Highly recommended dental and orthodontic clinic in vidyaranyapura .. she is very professional and friendly to patients.. Even after procedure she will keep a track of patients to know their well being .. very happy with her service.. Thank you Doctor Jyothi.","",""
"2024-05-15","https://www.google.com/maps/reviews/data=!3m1!4b1!4m6!14m5!1m4!2m3!1sChdDSUhNMG9nS0VJQ0FnSUN6X3QtRTZ3RRAB!2m1!1s0x0","Siddarud Hugar","https://www.google.com/maps/contrib/109718914593382920359/reviews","false","7","5","Best treatment with affordable price. Best clenic in surrounding areas","",""
"2024-05-15","https://www.google.com/maps/reviews/data=!3m1!4b1!4m6!14m5!1m4!2m3!1sChdDSUhNMG9nS0VJQ0FnSUN6bnB5OXVnRRAB!2m1!1s0x0","Sreenivas Jatangi","https://www.google.com/maps/contrib/109599622062404841268/reviews","false","9","5","Had a wonderful experience. Root canal done without any pain.","",""
"2024-05-15","https://www.google.com/maps/reviews/data=!3m1!4b1!4m6!14m5!1m4!2m3!1sChZDSUhNMG9nS0VJQ0FnSURUX3RPSmRBEAE!2m1!1s0x0","Vinayaka G M","https://www.google.com/maps/contrib/106797791789030216709/reviews","false","1","5","The best dental clinic surrounding area","",""
"2024-05-15","https://www.google.com/maps/reviews/data=!3m1!4b1!4m6!14m5!1m4!2m3!1sChZDSUhNMG9nS0VJQ0FnSURUN05mWE9BEAE!2m1!1s0x0","Saraffin MARY","https://www.google.com/maps/contrib/106445739303078917174/reviews","false","2","5","Really good environment and good doctor to say our problems.amazing work.Neat work and worth every rupee","",""
"2024-05-15","https://www.google.com/maps/reviews/data=!3m1!4b1!4m6!14m5!1m4!2m3!1sChZDSUhNMG9nS0VJQ0FnSURUeE96Q1NBEAE!2m1!1s0x0","Tarak","https://www.google.com/maps/contrib/115684990528133828011/reviews","true","16","5","Super and very helpful for me. Very Good management by Dr Sajjan Mam","",""
"2024-05-15","https://www.google.com/maps/reviews/data=!3m1!4b1!4m6!14m5!1m4!2m3!1sChZDSUhNMG9nS0VJQ0FnSUNUOG8teUdnEAE!2m1!1s0x0","potturu ganesh","https://www.google.com/maps/contrib/117516889103322646456/reviews","false","1","5","","",""
"2024-05-15","https://www.google.com/maps/reviews/data=!3m1!4b1!4m6!14m5!1m4!2m3!1sChZDSUhNMG9nS0VJQ0FnSURqN1phUWVnEAE!2m1!1s0x0","Manu Gunjal","https://www.google.com/maps/contrib/110245950467039802460/reviews","false","9","5","","",""
"2024-05-15","https://www.google.com/maps/reviews/data=!3m1!4b1!4m6!14m5!1m4!2m3!1sChdDSUhNMG9nS0VJQ0FnSUNwck9fci1BRRAB!2m1!1s0x0","Jayvardan Aananthan","https://www.google.com/maps/contrib/109034242894849716959/reviews","true","12","5","I recently underwent teeth alignment procedures with Dr. Jyothi Sajjan at Apex Dental & Orthodontic clinic near Sambharam college, Bangalore.From the moment I walked in, I was greeted with warmth and professionalism.Dr.Jyothi Sajjan was incredibly knowledgeable and took the time to thoroughly explain the teeth alignment process to me. She listened attentively to my concerns and preferences, and together we developed a personalized treatment plan that suited my needs.During the procedure, Dr expertise was evident. She worked meticulously to align my teeth, ensuring both aesthetic appeal and functional improvement.I appreciated her attention to detail and dedication to achieving the best possible outcome.After the procedure, Dr. Jyothi Sajjan provided clear instructions on post-treatment care and follow-up appointments. She made herself available for any questions or concerns I had, further demonstrating her commitment to patient satisfaction.Overall, my experience with Dr. Jyothi Sajjan and the Apex Dental clinic exceeded my expectations. I am thrilled with the results of my teeth alignment procedure and grateful for the outstanding service I received.If you're looking for a skilled dental professional who combines expertise with excellent patient care, I highly recommend scheduling an appointment with Dr. Jyothi Sajjan.","https://lh3.googleusercontent.com/grass-cs/ACvplmNofy2Nm7ZlC97cWcLZDfGeV6CRHQxhve1pOWg_vA55e0BzXSpVCYvXRDlC_xAPzJYvq1lW0QWGb3Y7xQLBMMecjdmk1gIiILHMu8wr4KDhV4NTWeau5BfVptaEz5NxEv9iIlTG1w=s157-p-k-rw, https://lh3.googleusercontent.com/grass-cs/ACvplmP4V2PlU-3A9cJZhJvP62jDN_FELfQm1GBm4t1bVsgqE5kB1wwbpnvAlFZQwbpHqRvA7zrhkvx7z8S7jbvy2tlPxstBxI4xKsOnfP0lhh_Z4BRYehyCzAIg_kQVKcMWjK_gh1cX=s157-p-k-rw",""
"2024-05-15","https://www.google.com/maps/reviews/data=!3m1!4b1!4m6!14m5!1m4!2m3!1sChdDSUhNMG9nS0VJQ0FnSURqaXJ2ZTZBRRAB!2m1!1s0x0","Aananthan Ellappan","https://www.google.com/maps/contrib/112017197341930547607/reviews","true","17","5","""I recently experienced the best service at Apex Dental and Orthodontic clinic near Sambharam college, Bangalore and met Dr Jyothi Sajjan for my sons braces treatment.From the moment I walked in, they highly professional but also genuinely friendly.I strongly recommend to all my friends and relatives to Dr. Jyothi Sajjan for her great service.Aananthan.EBangalore","",""
"2024-05-15","https://www.google.com/maps/reviews/data=!3m1!4b1!4m6!14m5!1m4!2m3!1sChZDSUhNMG9nS0VJQ0FnSURqaW9TZE9BEAE!2m1!1s0x0","Venkatesh Nec","https://www.google.com/maps/contrib/113749382168049260773/reviews","false","1","5","Good treatment.I am so grateful for your exceptional dental work and your commitment to patient health.","",""
"2024-04-15","https://www.google.com/maps/reviews/data=!3m1!4b1!4m6!14m5!1m4!2m3!1sChdDSUhNMG9nS0VJQ0FnSUNqbVpHN3B3RRAB!2m1!1s0x0","Karthikeyan Moorthy","https://www.google.com/maps/contrib/112316941314103974386/reviews","false","2","5","It's a good experience to me that my tooth was getting more pain and uncomfortable thanks to dr jothi madam making my teeth plain less and got root canal now it's so better I am able to eat food it's good experience to me.","",""
"2024-04-15","https://www.google.com/maps/reviews/data=!3m1!4b1!4m6!14m5!1m4!2m3!1sChZDSUhNMG9nS0VJQ0FnSUNqd1ktMVRBEAE!2m1!1s0x0","Nikhil Gowdar","https://www.google.com/maps/contrib/111720208825474846847/reviews","false","1","5","","",""
"2024-04-15","https://www.google.com/maps/reviews/data=!3m1!4b1!4m6!14m5!1m4!2m3!1sChdDSUhNMG9nS0VJQ0FnSURENHZiMHlRRRAB!2m1!1s0x0","Shashu dishu","https://www.google.com/maps/contrib/109280464616134934978/reviews","false","3","5","","",""
"2024-04-15","https://www.google.com/maps/reviews/data=!3m1!4b1!4m6!14m5!1m4!2m3!1sChdDSUhNMG9nS0VJQ0FnSUREME16TXhnRRAB!2m1!1s0x0","Rithik Kumar","https://www.google.com/maps/contrib/118006161780398534992/reviews","false","4","5","Jyoti ma'am very friendly doctor and treatment procedure is outstanding and first class..Clinic hygiene and treatment equipments are professional and very well maintained. And the fees is affordable for all..My mom underwent root Canal treatment here now the pain is completely gone .initially before root canal she had so much pain which she can't bear ..now it's completely alright.Thanks to jyoti ma'am..","",""
"2024-04-15","https://www.google.com/maps/reviews/data=!3m1!4b1!4m6!14m5!1m4!2m3!1sChZDSUhNMG9nS0VJQ0FnSUNEcjZDbmZnEAE!2m1!1s0x0","Sharmila Seervi","https://www.google.com/maps/contrib/111856194342301862955/reviews","false","1","5","Very good treatment","",""
"2024-04-15","https://www.google.com/maps/reviews/data=!3m1!4b1!4m6!14m5!1m4!2m3!1sChZDSUhNMG9nS0VJQ0FnSUNEeDVTSU93EAE!2m1!1s0x0","Anjali Sirvi","https://www.google.com/maps/contrib/117837502732450268367/reviews","false","1","5","It was a great experience.The clinic is very clean and the doctor is very gentle with the treatment.","",""
"2024-04-15","https://www.google.com/maps/reviews/data=!3m1!4b1!4m6!14m5!1m4!2m3!1sChZDSUhNMG9nS0VJQ0FnSUNELThDSWNnEAE!2m1!1s0x0","veena pg","https://www.google.com/maps/contrib/116856541781669577695/reviews","true","10","5","All our family members have consulted for dental issues and had very good experience with Dr.Jyothi. Very patient and understanding of the issues and she will suggest the best possible remedy. Very kind and will take time to explain the issue to the kids and is gentle. The clinic is spacious and clean and makes you feel comfortable. All in all, I highly appreciate and recommend Apex dental clinic to everyone.","",""
"2024-04-15","https://www.google.com/maps/reviews/data=!3m1!4b1!4m6!14m5!1m4!2m3!1sChZDSUhNMG9nS0VJQ0FnSUNEeTlpTVVnEAE!2m1!1s0x0","RK Vaibhav","https://www.google.com/maps/contrib/101971229548557711345/reviews","true","79","5","One of the best dental Clinic. Services are amazing and Doctor was awesome. Prices are very competitive and I love the way she treated me. Thanks Doctor.","",""
"2024-04-15","https://www.google.com/maps/reviews/data=!3m1!4b1!4m6!14m5!1m4!2m3!1sChZDSUhNMG9nS0VJQ0FnSUNEellLNFNREAE!2m1!1s0x0","Jayakumar Baskaran","https://www.google.com/maps/contrib/111213955965939147745/reviews","true","15","5","Had been to Apex Dental and I found this place very satisfying and also observed that the Lady dentist has given a quality treatment and I have been relieved of the pain i suffered because of which I was not able to eat also.","",""
"2024-04-15","https://www.google.com/maps/reviews/data=!3m1!4b1!4m6!14m5!1m4!2m3!1sChdDSUhNMG9nS0VJQ0FnSUNENGNLaTRnRRAB!2m1!1s0x0","Nandini","https://www.google.com/maps/contrib/106842515711770180524/reviews","false","1","5","Good experience","",""
"2024-04-15","https://www.google.com/maps/reviews/data=!3m1!4b1!4m6!14m5!1m4!2m3!1sChZDSUhNMG9nS0VJQ0FnSUNEeHJIWERBEAE!2m1!1s0x0","bhavyavijay samrish","https://www.google.com/maps/contrib/105290958908764833322/reviews","false","5","5","Very good 👍im totally satisfied thank you for Dr jothisajjan","",""
"2024-04-15","https://www.google.com/maps/reviews/data=!3m1!4b1!4m6!14m5!1m4!2m3!1sChdDSUhNMG9nS0VJQ0FnSUQ5N2VfZ3hRRRAB!2m1!1s0x0","nitin kumar","https://www.google.com/maps/contrib/100871901883122431396/reviews","false","1","5","Excellent dental professional in a 5 km radius, got my front crown fixed, she has all the lastest equipment including a dental x ray machine,  happy with her professionalism and her work, she made the fixed crown seem very natural. Would definitely recommend her for genuinely affordable and excellent service.","",""
"2024-03-15","https://www.google.com/maps/reviews/data=!3m1!4b1!4m6!14m5!1m4!2m3!1sChZDSUhNMG9nS0VJQ0FnSUQ5bm9tWlV3EAE!2m1!1s0x0","SREE","https://www.google.com/maps/contrib/114483730933558560304/reviews","false","1","5","Dr. Jyothi Sajjan is an excellent dentist and a thorough professional. She has a remarkable ability to inspire confidence in her patients because of her thorough and methodical approach. She is very detailed and transparent in explaining the problem and solution to the problem. I highly recommend Apex Dental clinic.","",""
"2024-03-15","https://www.google.com/maps/reviews/data=!3m1!4b1!4m6!14m5!1m4!2m3!1sChdDSUhNMG9nS0VJQ0FnSUM5aTdEQnZBRRAB!2m1!1s0x0","Basawaraj Nadagatti","https://www.google.com/maps/contrib/104354292714934354623/reviews","true","17","5","","",""
"2024-03-15","https://www.google.com/maps/reviews/data=!3m1!4b1!4m6!14m5!1m4!2m3!1sChdDSUhNMG9nS0VJQ0FnSUM5ay1ERzJ3RRAB!2m1!1s0x0","Pallavi Shiggaon","https://www.google.com/maps/contrib/106191105278321148475/reviews","false","3","5","Jyoti doctor is very friendly with her patients.. My son and myself got treated from her. For my son without anastasia, slowly she did root canal in two sets. Even for me she gave proper appointments and completed my fillings as well.. Thank you so much😊","",""
"2024-03-15","https://www.google.com/maps/reviews/data=!3m1!4b1!4m6!14m5!1m4!2m3!1sChZDSUhNMG9nS0VJQ0FnSUM5bk5TMUZREAE!2m1!1s0x0","kirankumar hr","https://www.google.com/maps/contrib/107069209720243412910/reviews","true","9","5","Dr.Jyothi is very well experienced and she treated my mother very well. My mother totally satisfied with doctor treatment. Highly recommended to all.","",""
"2024-03-15","https://www.google.com/maps/reviews/data=!3m1!4b1!4m6!14m5!1m4!2m3!1sChZDSUhNMG9nS0VJQ0FnSUM5eEplQk5nEAE!2m1!1s0x0","madduri padmavati","https://www.google.com/maps/contrib/117180608695712378496/reviews","false","1","5","","",""
"2024-03-15","https://www.google.com/maps/reviews/data=!3m1!4b1!4m6!14m5!1m4!2m3!1sChdDSUhNMG9nS0VJQ0FnSUM5c0o2LWh3RRAB!2m1!1s0x0","Lakshman ff","https://www.google.com/maps/contrib/102843740952275493300/reviews","false","2","5","Very good","",""
"2024-03-15","https://www.google.com/maps/reviews/data=!3m1!4b1!4m6!14m5!1m4!2m3!1sChZDSUhNMG9nS0VJQ0FnSURkNGVPU0h3EAE!2m1!1s0x0","Priya Bhadrashetty","https://www.google.com/maps/contrib/101283489240570889074/reviews","false","4","5","Thank you so much Dentist Jyoti Mam for treating me with lot of care and affections , even after treatment U called me and asked about the Pain that's really I loved like anything.  One of the good dental hospital and Dentist that to be very reasonable price u will get treatment.....THANK you once again ....","",""
"2024-03-15","https://www.google.com/maps/reviews/data=!3m1!4b1!4m6!14m5!1m4!2m3!1sChdDSUhNMG9nS0VJQ0FnSURkdnNUNy1BRRAB!2m1!1s0x0","PRITI RANJAN NAYAK","https://www.google.com/maps/contrib/108966087062142064927/reviews","false","16","5","Very helpful and supportive.Dr Jyothi was wonderful in finding problem and helping to solve the issue.Must visit place","",""
"2024-03-15","https://www.google.com/maps/reviews/data=!3m1!4b1!4m6!14m5!1m4!2m3!1sChZDSUhNMG9nS0VJQ0FnSURkNW9ER0VnEAE!2m1!1s0x0","Sanjukumar SB","https://www.google.com/maps/contrib/107762976283282480897/reviews","false","1","5","Best dental clinic with high class treatment and reasonable cost","",""
"2024-03-15","https://www.google.com/maps/reviews/data=!3m1!4b1!4m6!14m5!1m4!2m3!1sChZDSUhNMG9nS0VJQ0FnSURkMU1LTE13EAE!2m1!1s0x0","Prasanth L","https://www.google.com/maps/contrib/105230886658614267011/reviews","false","1","5","It's one of the best dental clinic in Bangalore with affordable cost and hygienic ...I had been for Extraction of wisdom tooth..Doctor did it painlessly and I'm happy with treatment.she is the best dentist and genuinely care for patients..thank you doctor","",""
"2024-03-15","https://www.google.com/maps/reviews/data=!3m1!4b1!4m6!14m5!1m4!2m3!1sChZDSUhNMG9nS0VJQ0FnSUNkOTRxZ0F3EAE!2m1!1s0x0","vijaykumar hatti","https://www.google.com/maps/contrib/115264647814965368558/reviews","false","4","5","","",""
"2024-03-15","https://www.google.com/maps/reviews/data=!3m1!4b1!4m6!14m5!1m4!2m3!1sChdDSUhNMG9nS0VJQ0FnSUNkczViTDFnRRAB!2m1!1s0x0","Shashikanth D","https://www.google.com/maps/contrib/104125084177932218787/reviews","true","5","5","","",""
"2024-02-15","https://www.google.com/maps/reviews/data=!3m1!4b1!4m6!14m5!1m4!2m3!1sChdDSUhNMG9nS0VJQ0FnSUR0ZzVpTTdBRRAB!2m1!1s0x0","Charvi Bhat","https://www.google.com/maps/contrib/112823057465973771268/reviews","false","3","5","","",""
"2024-02-15","https://www.google.com/maps/reviews/data=!3m1!4b1!4m6!14m5!1m4!2m3!1sChZDSUhNMG9nS0VJQ0FnSUNkOXBMOEhREAE!2m1!1s0x0","kiran kumar","https://www.google.com/maps/contrib/101981632715175815998/reviews","true","7","5","","",""
"2024-02-15","https://www.google.com/maps/reviews/data=!3m1!4b1!4m6!14m5!1m4!2m3!1sChdDSUhNMG9nS0VJQ0FnSUNkekxqQTF3RRAB!2m1!1s0x0","mohan Parimala","https://www.google.com/maps/contrib/100977288216095170108/reviews","false","1","5","","",""
"2024-02-15","https://www.google.com/maps/reviews/data=!3m1!4b1!4m6!14m5!1m4!2m3!1sChZDSUhNMG9nS0VJQ0FnSUNkbE43Mk13EAE!2m1!1s0x0","Srinivasan N","https://www.google.com/maps/contrib/112085710769252818188/reviews","false","1","5","","",""
"2024-02-15","https://www.google.com/maps/reviews/data=!3m1!4b1!4m6!14m5!1m4!2m3!1sChdDSUhNMG9nS0VJQ0FnSUROejRLZ2lBRRAB!2m1!1s0x0","raj arnab","https://www.google.com/maps/contrib/113530106370734724184/reviews","true","100","5","Been there for root canal, job was done professionally. Dr. Jyoti takes very good care of her patients. Would suggest others the visit for dental care.","",""
"2024-02-15","https://www.google.com/maps/reviews/data=!3m1!4b1!4m6!14m5!1m4!2m3!1sChdDSUhNMG9nS0VJQ0FnSUROOV91dnlRRRAB!2m1!1s0x0","sanjana P","https://www.google.com/maps/contrib/105661745086069456174/reviews","false","8","5","","",""
"2024-02-15","https://www.google.com/maps/reviews/data=!3m1!4b1!4m6!14m5!1m4!2m3!1sChZDSUhNMG9nS0VJQ0FnSUROX2RURkVBEAE!2m1!1s0x0","Shivaranjini R","https://www.google.com/maps/contrib/110121009781088912266/reviews","false","6","5","Been here for my cavity filling on the upper teeth. Doctor Jyothi is very kind and helped my cavity filling done without any hassle. The clinic is very hygienic. Highly recommended.","",""
"2024-02-15","https://www.google.com/maps/reviews/data=!3m1!4b1!4m6!14m5!1m4!2m3!1sChdDSUhNMG9nS0VJQ0FnSUROd05tbGxnRRAB!2m1!1s0x0","Ravi Yadav","https://www.google.com/maps/contrib/104656486562035137348/reviews","true","10","5","Very friendly Doctor. Kind and helpful. This is a new dentist for me and I was very pleased with the experience and results","",""
"2024-02-15","https://www.google.com/maps/reviews/data=!3m1!4b1!4m6!14m5!1m4!2m3!1sChZDSUhNMG9nS0VJQ0FnSUNOeU96aElBEAE!2m1!1s0x0","Adarsh Hari","https://www.google.com/maps/contrib/111523066417932703807/reviews","false","4","5","Dr. Jyoti Sajjan delivers outstanding dental care with a professional and welcoming approach—highly recommended!","",""
"2024-02-15","https://www.google.com/maps/reviews/data=!3m1!4b1!4m6!14m5!1m4!2m3!1sChZDSUhNMG9nS0VJQ0FnSUQxcWQ3dENREAE!2m1!1s0x0","Manoj Kumar","https://www.google.com/maps/contrib/110073832877154622606/reviews","true","10","5","","",""
"2024-02-15","https://www.google.com/maps/reviews/data=!3m1!4b1!4m6!14m5!1m4!2m3!1sChdDSUhNMG9nS0VJQ0FnSUQxcWU2TGdRRRAB!2m1!1s0x0","Manjunath M","https://www.google.com/maps/contrib/104114882479666399076/reviews","true","20","5","Doctor explains the best treatment to undergo before starting the treatment and it builds the confidence in patient.very hygiene and pleasent place.","",""
"2024-02-15","https://www.google.com/maps/reviews/data=!3m1!4b1!4m6!14m5!1m4!2m3!1sChdDSUhNMG9nS0VJQ0FnSUQxaXZXMWpRRRAB!2m1!1s0x0","Rajesh Sajjan","https://www.google.com/maps/contrib/117487171606477121315/reviews","true","1","5","","",""
"2024-01-15","https://www.google.com/maps/reviews/data=!3m1!4b1!4m6!14m5!1m4!2m3!1sChZDSUhNMG9nS0VJQ0FnSUQxMHJpN0VnEAE!2m1!1s0x0","Ranganath kj","https://www.google.com/maps/contrib/109096934321206155505/reviews","false","1","5","The doctor provides treatment and suggestions in a very considerate and pleasant manner.","",""
"2024-01-15","https://www.google.com/maps/reviews/data=!3m1!4b1!4m6!14m5!1m4!2m3!1sChZDSUhNMG9nS0VJQ0FnSUQxMHJpLUdnEAE!2m1!1s0x0","manish mishra","https://www.google.com/maps/contrib/101986634507854508670/reviews","false","3","5","Excellent","",""
"2024-01-15","https://www.google.com/maps/reviews/data=!3m1!4b1!4m6!14m5!1m4!2m3!1sChZDSUhNMG9nS0VJQ0FnSUQxMHNqWllREAE!2m1!1s0x0","Rohit jadhav","https://www.google.com/maps/contrib/118391200471240961081/reviews","false","1","5","","",""
"2024-01-15","https://www.google.com/maps/reviews/data=!3m1!4b1!4m6!14m5!1m4!2m3!1sChdDSUhNMG9nS0VJQ0FnSUQxa3JqTzhnRRAB!2m1!1s0x0","Nirmala B.T","https://www.google.com/maps/contrib/107933575066676396809/reviews","false","1","5","","",""
"2024-01-15","https://www.google.com/maps/reviews/data=!3m1!4b1!4m6!14m5!1m4!2m3!1sChZDSUhNMG9nS0VJQ0FnSUQxdE5qbU5REAE!2m1!1s0x0","Sadafsadia 24633","https://www.google.com/maps/contrib/108303219792601606806/reviews","false","1","5","","",""
"2024-01-15","https://www.google.com/maps/reviews/data=!3m1!4b1!4m6!14m5!1m4!2m3!1sChZDSUhNMG9nS0VJQ0FnSUQxMVBidEFnEAE!2m1!1s0x0","Shilpa M","https://www.google.com/maps/contrib/114285257536690095715/reviews","false","3","5","","",""
"2024-01-15","https://www.google.com/maps/reviews/data=!3m1!4b1!4m6!14m5!1m4!2m3!1sChRDSUhNMG9nS0VJQ0FnSUQxNVBNMhAB!2m1!1s0x0","parish nagaraj","https://www.google.com/maps/contrib/114699597801872296502/reviews","false","1","5","Super","",""
"2024-01-15","https://www.google.com/maps/reviews/data=!3m1!4b1!4m6!14m5!1m4!2m3!1sChdDSUhNMG9nS0VJQ0FnSUQxaFB5eWhBRRAB!2m1!1s0x0","Mhkashi Vishwanath","https://www.google.com/maps/contrib/112200976728866076421/reviews","false","1","5","","",""
"2024-01-15","https://www.google.com/maps/reviews/data=!3m1!4b1!4m6!14m5!1m4!2m3!1sChZDSUhNMG9nS0VJQ0FnSUQxaElDcVhBEAE!2m1!1s0x0","sohan singh mudagalakar","https://www.google.com/maps/contrib/114679059081333572112/reviews","false","3","5","Good experienceNice tritment","",""
"2024-01-15","https://www.google.com/maps/reviews/data=!3m1!4b1!4m6!14m5!1m4!2m3!1sChdDSUhNMG9nS0VJQ0FnSUQxLU9fb3FRRRAB!2m1!1s0x0","Sakinur Ahmed","https://www.google.com/maps/contrib/112771053179714103336/reviews","false","1","5","","",""
"2024-01-15","https://www.google.com/maps/reviews/data=!3m1!4b1!4m6!14m5!1m4!2m3!1sChdDSUhNMG9nS0VJQ0FnSUQxLU0tTnhRRRAB!2m1!1s0x0","Adam Pro","https://www.google.com/maps/contrib/114194040781321071197/reviews","false","1","5","","",""
"2024-01-15","https://www.google.com/maps/reviews/data=!3m1!4b1!4m6!14m5!1m4!2m3!1sChZDSUhNMG9nS0VJQ0FnSUQxLUtmblBREAE!2m1!1s0x0","Abul Hasan","https://www.google.com/maps/contrib/105407720942376869672/reviews","false","1","5","","",""
"2023-12-15","https://www.google.com/maps/reviews/data=!3m1!4b1!4m6!14m5!1m4!2m3!1sChZDSUhNMG9nS0VJQ0FnSUQxdUpuYVRREAE!2m1!1s0x0","Kc achari","https://www.google.com/maps/contrib/116507342229750226855/reviews","false","2","5","","",""
"2023-12-15","https://www.google.com/maps/reviews/data=!3m1!4b1!4m6!14m5!1m4!2m3!1sChdDSUhNMG9nS0VJQ0FnSUQxLU83R3NRRRAB!2m1!1s0x0","Manjunatha K","https://www.google.com/maps/contrib/102957960482360215049/reviews","false","4","5","Excellent service","",""
"2023-12-15","https://www.google.com/maps/reviews/data=!3m1!4b1!4m6!14m5!1m4!2m3!1sChdDSUhNMG9nS0VJQ0FnSUQxdUlYRHVnRRAB!2m1!1s0x0","Sujutha shivaraam","https://www.google.com/maps/contrib/116033040938436046537/reviews","false","3","5","","",""
"2023-12-15","https://www.google.com/maps/reviews/data=!3m1!4b1!4m6!14m5!1m4!2m3!1sChZDSUhNMG9nS0VJQ0FnSUQxdU5tYk9REAE!2m1!1s0x0","ಶಶಿ ಏಕಾಂಗಿ","https://www.google.com/maps/contrib/116547486999678265843/reviews","false","2","5","","",""
"2023-12-15","https://www.google.com/maps/reviews/data=!3m1!4b1!4m6!14m5!1m4!2m3!1sChZDSUhNMG9nS0VJQ0FnSUMxbmNIbmNBEAE!2m1!1s0x0","vidyaa bengaluru","https://www.google.com/maps/contrib/108452340828785314360/reviews","false","5","5","Very satisfied with the treatment done, Explained the whole procedure patiently. Thank you.","",""
"2023-12-15","https://www.google.com/maps/reviews/data=!3m1!4b1!4m6!14m5!1m4!2m3!1sChZDSUhNMG9nS0VJQ0FnSUMxcmVtR1R3EAE!2m1!1s0x0","mathew johnson","https://www.google.com/maps/contrib/111676049169362577544/reviews","true","14","5","highly recommend for dental care. Doctor who is professionally experienced, took time to explain the procedures thoroughly and addressed all my concerns. After procedures, Very approachable and available @ clinics/whatsapp for any concerns.","",""
"2023-12-15","https://www.google.com/maps/reviews/data=!3m1!4b1!4m6!14m5!1m4!2m3!1sChdDSUhNMG9nS0VJQ0FnSUMxOVplTHZRRRAB!2m1!1s0x0","Bhavani Rahul","https://www.google.com/maps/contrib/115056991216413989528/reviews","false","1","5","Satisfied with the treatment..thank you","",""
"2023-12-15","https://www.google.com/maps/reviews/data=!3m1!4b1!4m6!14m5!1m4!2m3!1sChdDSUhNMG9nS0VJQ0FnSUMxOHNLb25BRRAB!2m1!1s0x0","NITHIN KUMAR","https://www.google.com/maps/contrib/107541816338364982564/reviews","true","11","5","","",""
"2023-12-15","https://www.google.com/maps/reviews/data=!3m1!4b1!4m6!14m5!1m4!2m3!1sChZDSUhNMG9nS0VJQ0FnSUMxc0phd0JnEAE!2m1!1s0x0","Girish kelamane","https://www.google.com/maps/contrib/105746674635181128022/reviews","true","11","5","She will be the best dental doctor i met so far. The fact is she will follow up with us for further process and health check.thank you doctor","",""
"2023-12-15","https://www.google.com/maps/reviews/data=!3m1!4b1!4m6!14m5!1m4!2m3!1sChZDSUhNMG9nS0VJQ0FnSUMxd0pESVJ3EAE!2m1!1s0x0","Akhila Kulkarni","https://www.google.com/maps/contrib/106699596735332474849/reviews","false","4","5","Very good treatment given by doctor in very reasonable price. Dr. Jyoti is very calm and patient. I highly recommend...","",""
"2023-12-15","https://www.google.com/maps/reviews/data=!3m1!4b1!4m6!14m5!1m4!2m3!1sChdDSUhNMG9nS0VJQ0FnSURWXzZDSnRnRRAB!2m1!1s0x0","Gonuguntla yesaswini","https://www.google.com/maps/contrib/110485069458336820500/reviews","false","6","5","Very good experience..Got braces treatment done  by Dr jyothi. Mam ensures good treatment results, with beautiful smile correction.","",""
"2023-12-15","https://www.google.com/maps/reviews/data=!3m1!4b1!4m6!14m5!1m4!2m3!1sChZDSUhNMG9nS0VJQ0FnSURWdjlHb2RREAE!2m1!1s0x0","Swaroop Chouduru","https://www.google.com/maps/contrib/111955611309741789759/reviews","false","2","4","","",""
"2023-11-15","https://www.google.com/maps/reviews/data=!3m1!4b1!4m6!14m5!1m4!2m3!1sChZDSUhNMG9nS0VJQ0FnSURWX056N2FnEAE!2m1!1s0x0","kiran anchuri","https://www.google.com/maps/contrib/106139441467269556982/reviews","true","13","5","","",""
"2023-11-15","https://www.google.com/maps/reviews/data=!3m1!4b1!4m6!14m5!1m4!2m3!1sChdDSUhNMG9nS0VJQ0FnSURWMy1leTN3RRAB!2m1!1s0x0","Dr Alba Maria Thomas","https://www.google.com/maps/contrib/108147353326417912741/reviews","false","6","5","I visited apex dental clinic for my teeth clean up.Dr Jyothi explained me very well and done amazing treatment.im very much happy with her treatment","",""
"2023-11-15","https://www.google.com/maps/reviews/data=!3m1!4b1!4m6!14m5!1m4!2m3!1sChZDSUhNMG9nS0VJQ0FnSURWMzZQX1pBEAE!2m1!1s0x0","Ambresh Kumar","https://www.google.com/maps/contrib/103187797631498782664/reviews","false","4","5","","",""
"2023-11-15","https://www.google.com/maps/reviews/data=!3m1!4b1!4m6!14m5!1m4!2m3!1sChdDSUhNMG9nS0VJQ0FnSURWM18zeHpBRRAB!2m1!1s0x0","Prathap ap","https://www.google.com/maps/contrib/101305368011877577029/reviews","false","3","5","Good service","",""
"2023-11-15","https://www.google.com/maps/reviews/data=!3m1!4b1!4m6!14m5!1m4!2m3!1sChZDSUhNMG9nS0VJQ0FnSURWMy0ya0pREAE!2m1!1s0x0","Shweta Kattimani","https://www.google.com/maps/contrib/117169456675102139677/reviews","false","6","5","Very nice nd friendly docter treatment is best","",""
"2023-11-15","https://www.google.com/maps/reviews/data=!3m1!4b1!4m6!14m5!1m4!2m3!1sChdDSUhNMG9nS0VJQ0FnSURWM19YRHJnRRAB!2m1!1s0x0","ARJUN VALIYAPARAMBIL","https://www.google.com/maps/contrib/100233319197727267689/reviews","true","31","5","","https://lh3.googleusercontent.com/grass-cs/ACvplmOdtB5IUW0IukwWRGIg2Id4vdUI7cfpViH1uJ0sa3ovvzsIn4WU7jcgiNxQD6L5fnqxCWq75VoQIEok2u3WP7U4M5tt0fDGVbVBEpdw95bxkU15IdoTNhQOVLLNwBN5S68urJE_Cw=s157-p-k-rw, https://lh3.googleusercontent.com/grass-cs/ACvplmO6BxZKlP_4wgbpRhpNMtuP-Khn7OqR2vNgY2RuauoVdkYGt82zmsya8Ed9CSweJnGIU8eHLephYXAU6n9Gw0rYpmCCkwRlx2XyxZZCzWejuZScEx-vBFI1ORFeD8nkcRIEfoTR=s157-p-k-rw",""
"2023-11-15","https://www.google.com/maps/reviews/data=!3m1!4b1!4m6!14m5!1m4!2m3!1sChZDSUhNMG9nS0VJQ0FnSURWMjZpcE9REAE!2m1!1s0x0","ramya kunder","https://www.google.com/maps/contrib/113162834331284638885/reviews","false","7","5","Doctor is friendly and Good service with reasonable price","",""
"2023-11-15","https://www.google.com/maps/reviews/data=!3m1!4b1!4m6!14m5!1m4!2m3!1sChdDSUhNMG9nS0VJQ0FnSURWcTVLaWxBRRAB!2m1!1s0x0","Roopakala S","https://www.google.com/maps/contrib/105531075998329116523/reviews","false","1","5","","",""
"2023-11-15","https://www.google.com/maps/reviews/data=!3m1!4b1!4m6!14m5!1m4!2m3!1sChdDSUhNMG9nS0VJQ0FnSURWX2FIN2pBRRAB!2m1!1s0x0","Ramakrishna Munivenkatappa","https://www.google.com/maps/contrib/104162170812919162137/reviews","false","2","5","Recently my wife got replacement of front upper teeth.she replaced teeth at very reasonable rates.she is simple in nature,honest and deserves encouragement.","",""
"2023-11-15","https://www.google.com/maps/reviews/data=!3m1!4b1!4m6!14m5!1m4!2m3!1sChdDSUhNMG9nS0VJQ0FnSURWdGY2cXJ3RRAB!2m1!1s0x0","Kumar Raju","https://www.google.com/maps/contrib/117471738141949842147/reviews","true","15","5","Very good Doctor","",""
"2023-11-15","https://www.google.com/maps/reviews/data=!3m1!4b1!4m6!14m5!1m4!2m3!1sChZDSUhNMG9nS0VJQ0FnSURWaGUzVk1REAE!2m1!1s0x0","Suguna Ashok","https://www.google.com/maps/contrib/116295536418430000572/reviews","false","2","5","Very good","",""
"2023-11-15","https://www.google.com/maps/reviews/data=!3m1!4b1!4m6!14m5!1m4!2m3!1sChZDSUhNMG9nS0VJQ0FnSURWNXUzOVdBEAE!2m1!1s0x0","Seema Thakur","https://www.google.com/maps/contrib/113198308060384535806/reviews","false","7","5","My experience at Apex Dental Clinic was very good.Doctor Jyothi is very experienced and friendly also. she treated me and my daughter's teeth very well.If you want good and reasonable price treatment then you should come here. Thank you Dr.Jyothi😊","",""
"2023-10-15","https://www.google.com/maps/reviews/data=!3m1!4b1!4m6!14m5!1m4!2m3!1sChZDSUhNMG9nS0VJQ0FnSURWN0lLZWRBEAE!2m1!1s0x0","Kavya Anand","https://www.google.com/maps/contrib/118004201797645801956/reviews","false","2","5","Very good doctor well handled neat communication thank you so much 👏","",""
"2023-10-15","https://www.google.com/maps/reviews/data=!3m1!4b1!4m6!14m5!1m4!2m3!1sChdDSUhNMG9nS0VJQ0FnSURWbElUWXBnRRAB!2m1!1s0x0","Manjunatha Manju","https://www.google.com/maps/contrib/103332233383706299534/reviews","false","2","5","","",""
"2023-10-15","https://www.google.com/maps/reviews/data=!3m1!4b1!4m6!14m5!1m4!2m3!1sChdDSUhNMG9nS0VJQ0FnSUNWbHNPa3B3RRAB!2m1!1s0x0","Srinath Sajjan","https://www.google.com/maps/contrib/113415632295777666071/reviews","true","5","5","I want to say thank you so much  for the amazing work and excellent treatment you have done on my teeth. I'm so happy to have found such great dentist.","",""
"2023-10-15","https://www.google.com/maps/reviews/data=!3m1!4b1!4m6!14m5!1m4!2m3!1sChdDSUhNMG9nS0VJQ0FnSUNWbHJ5RnJBRRAB!2m1!1s0x0","Mahananda Sajjan","https://www.google.com/maps/contrib/106040047034527037030/reviews","false","1","5","Excellent dental clinic","",""
"2023-10-15","https://www.google.com/maps/reviews/data=!3m1!4b1!4m6!14m5!1m4!2m3!1sChZDSUhNMG9nS0VJQ0FnSUNWb3BMNmRBEAE!2m1!1s0x0","Santosh Hande","https://www.google.com/maps/contrib/110207486106327085725/reviews","false","1","5","I am happy good treatment thankyou","",""
"2023-10-15","https://www.google.com/maps/reviews/data=!3m1!4b1!4m6!14m5!1m4!2m3!1sChdDSUhNMG9nS0VJQ0FnSUNWdUpLWjhRRRAB!2m1!1s0x0","CHANNAKESHAVA PRASAD","https://www.google.com/maps/contrib/113906972116489496715/reviews","true","35","5","Good doctor..knowledgeable ...well handled ....neat communication..Patience .... understand the root cause...ideal treatment plans ...she is masters in profession...good knowledge towards speciality as well as general dentistry","",""
"2023-10-15","https://www.google.com/maps/reviews/data=!3m1!4b1!4m6!14m5!1m4!2m3!1sChZDSUhNMG9nS0VJQ0FnSURsMmI2RkVnEAE!2m1!1s0x0","anitha c","https://www.google.com/maps/contrib/111720613768485202069/reviews","false","1","5","","",""
"2023-10-15","https://www.google.com/maps/reviews/data=!3m1!4b1!4m6!14m5!1m4!2m3!1sChdDSUhNMG9nS0VJQ0FnSURscWRmMHFRRRAB!2m1!1s0x0","N Chillal","https://www.google.com/maps/contrib/113551815110695822748/reviews","false","7","5","Excellent doctor and treatment","",""
"2023-10-15","https://www.google.com/maps/reviews/data=!3m1!4b1!4m6!14m5!1m4!2m3!1sChdDSUhNMG9nS0VJQ0FnSURsMGI3dGxBRRAB!2m1!1s0x0","Ravi Kumar","https://www.google.com/maps/contrib/108609951859863373658/reviews","false","3","5","The doctor was very good and patiently listens to our issues. She explained about the procedure clearly.Got good treatment at a very affordable price.Thank you so much for the treatment doctor.","",""
"2023-10-15","https://www.google.com/maps/reviews/data=!3m1!4b1!4m6!14m5!1m4!2m3!1sChZDSUhNMG9nS0VJQ0FnSURsdXR1LVdnEAE!2m1!1s0x0","Vishnu nair","https://www.google.com/maps/contrib/113682905873961078228/reviews","true","7","5","Best place to get your dental treatment with affordable price ... As compared to other dental it's the best place I felt with polite doctor and helpfull .....","",""
"2023-10-15","https://www.google.com/maps/reviews/data=!3m1!4b1!4m6!14m5!1m4!2m3!1sChZDSUhNMG9nS0VJQ0FnSUNsN2ZLOUVnEAE!2m1!1s0x0","Santhosh Gowda","https://www.google.com/maps/contrib/102235186375467572063/reviews","false","1","5","","",""
"2023-10-15","https://www.google.com/maps/reviews/data=!3m1!4b1!4m6!14m5!1m4!2m3!1sChZDSUhNMG9nS0VJQ0FnSUNsMWFuQ1ZBEAE!2m1!1s0x0","Vinay Kumar","https://www.google.com/maps/contrib/111323862895972034524/reviews","false","2","5","I am so happy about your treatment mamThank you so much to give a better treatment and now I am happy to see my tooth, Better than before","",""
"2023-09-15","https://www.google.com/maps/reviews/data=!3m1!4b1!4m6!14m5!1m4!2m3!1sChZDSUhNMG9nS0VJQ0FnSUNsMWU2T1p3EAE!2m1!1s0x0","Geet Jalikar","https://www.google.com/maps/contrib/117784007726031671518/reviews","false","2","5","Vary warm and welcoming environment. The doctor was very sweet and gave a detailed explanation of the procedure to be done which was helpful. If u want high quality service visit dr jyothi's dental clinic.","",""
"2023-09-15","https://www.google.com/maps/reviews/data=!3m1!4b1!4m6!14m5!1m4!2m3!1sChZDSUhNMG9nS0VJQ0FnSURGaHRyNlNnEAE!2m1!1s0x0","Alokesh Saha","https://www.google.com/maps/contrib/107392595339006615514/reviews","false","1","5","Nice and easy treatment","",""
"2023-09-15","https://www.google.com/maps/reviews/data=!3m1!4b1!4m6!14m5!1m4!2m3!1sChdDSUhNMG9nS0VJQ0FnSURGc05HTG9nRRAB!2m1!1s0x0","Vanamala Sajjan","https://www.google.com/maps/contrib/111109722684018668771/reviews","false","1","5","","",""
"2023-09-15","https://www.google.com/maps/reviews/data=!3m1!4b1!4m6!14m5!1m4!2m3!1sChZDSUhNMG9nS0VJQ0FnSUQ1Ml9yUkhREAE!2m1!1s0x0","Mangala Gowri G","https://www.google.com/maps/contrib/102395755190735222572/reviews","false","1","5","Good treatment","",""
"2023-09-15","https://www.google.com/maps/reviews/data=!3m1!4b1!4m6!14m5!1m4!2m3!1sChZDSUhNMG9nS0VJQ0FnSUQ1b043MVBREAE!2m1!1s0x0","Tharaka Rami Reddy","https://www.google.com/maps/contrib/116950608562112819724/reviews","false","3","5","Good work","",""
"2023-09-15","https://www.google.com/maps/reviews/data=!3m1!4b1!4m6!14m5!1m4!2m3!1sChdDSUhNMG9nS0VJQ0FnSURadHF2VHZBRRAB!2m1!1s0x0","shwetha shetty","https://www.google.com/maps/contrib/113458119852320963348/reviews","false","1","5","Nicely  handled kid treatment with care and precautionary tips to avoid this cause again . Well maintained clinic and cost effective.","",""
"2023-09-15","https://www.google.com/maps/reviews/data=!3m1!4b1!4m6!14m5!1m4!2m3!1sChdDSUhNMG9nS0VJQ0FnSURac3FXbHZBRRAB!2m1!1s0x0","Sowmya Kunder","https://www.google.com/maps/contrib/102927496336107050662/reviews","false","1","5","My root canal was not done properly and I was suffering from dental pain. After consulting apex dental clinic Dr jyothi explained me what was the issue and what is the next procedure. jyothi is very friendly and all the dental procedure was so clean and clear. Best part is all procedure is painless. Thank you dr jyothi.","",""
"2023-09-15","https://www.google.com/maps/reviews/data=!3m1!4b1!4m6!14m5!1m4!2m3!1sChdDSUhNMG9nS0VJQ0FnSURaM05uRV9RRRAB!2m1!1s0x0","Someswara Rao","https://www.google.com/maps/contrib/109357436750632032028/reviews","false","5","5","Excellent treatment with advanced technology at a surprising price. My kid was so comfortable with the doctor. Very friendly doctor. Thank you 😊","",""
"2023-09-15","https://www.google.com/maps/reviews/data=!3m1!4b1!4m6!14m5!1m4!2m3!1sChZDSUhNMG9nS0VJQ0FnSURaN1BhZWZREAE!2m1!1s0x0","Sai Naveen","https://www.google.com/maps/contrib/115347627846572596145/reviews","false","10","5","Excellent treatment and value for money.","",""
"2023-09-15","https://www.google.com/maps/reviews/data=!3m1!4b1!4m6!14m5!1m4!2m3!1sChdDSUhNMG9nS0VJQ0FnSUNaOXNLV3lnRRAB!2m1!1s0x0","jagannath malagatti","https://www.google.com/maps/contrib/115539348244520911669/reviews","false","1","5","","",""
"2023-09-15","https://www.google.com/maps/reviews/data=!3m1!4b1!4m6!14m5!1m4!2m3!1sChZDSUhNMG9nS0VJQ0FnSUNaOW9LOUtnEAE!2m1!1s0x0","Ram pb","https://www.google.com/maps/contrib/114350161460659386393/reviews","false","1","5","","",""
"2023-09-15","https://www.google.com/maps/reviews/data=!3m1!4b1!4m6!14m5!1m4!2m3!1sChZDSUhNMG9nS0VJQ0FnSUNacHBMeE1BEAE!2m1!1s0x0","Shilpa Sivashankar","https://www.google.com/maps/contrib/110725626435256620180/reviews","false","8","5","One of the best dentist ever visited. Less painful treatment. Recommend this dentist","",""
"2023-08-15","https://www.google.com/maps/reviews/data=!3m1!4b1!4m6!14m5!1m4!2m3!1sChZDSUhNMG9nS0VJQ0FnSUNaaHNiV1NnEAE!2m1!1s0x0","Deepak Jha","https://www.google.com/maps/contrib/100902191685400400022/reviews","false","3","5","So nice experience. Thank you Dr Jyoti..","",""
"2023-08-15","https://www.google.com/maps/reviews/data=!3m1!4b1!4m6!14m5!1m4!2m3!1sChdDSUhNMG9nS0VJQ0FnSUNaLXVLenN3RRAB!2m1!1s0x0","Mohammed Rafeequ","https://www.google.com/maps/contrib/108923145840661059581/reviews","false","5","5","Very professional and gentle on kids.","",""
"2023-08-15","https://www.google.com/maps/reviews/data=!3m1!4b1!4m6!14m5!1m4!2m3!1sChZDSUhNMG9nS0VJQ0FnSUNabW9HSkpnEAE!2m1!1s0x0","Babli Khatun","https://www.google.com/maps/contrib/115068873489830743720/reviews","false","1","5","","",""
"2023-08-15","https://www.google.com/maps/reviews/data=!3m1!4b1!4m6!14m5!1m4!2m3!1sChdDSUhNMG9nS0VJQ0FnSUNaeXJicHZnRRAB!2m1!1s0x0","Vinod Gouda","https://www.google.com/maps/contrib/115739790033181664957/reviews","false","1","5","","",""
"2023-08-15","https://www.google.com/maps/reviews/data=!3m1!4b1!4m6!14m5!1m4!2m3!1sChdDSUhNMG9nS0VJQ0FnSUNaMHBXbXBBRRAB!2m1!1s0x0","Vishal Gurunath Yatanur AIT22BEEC112","https://www.google.com/maps/contrib/107233788781479381689/reviews","false","1","5","","",""
"2023-08-15","https://www.google.com/maps/reviews/data=!3m1!4b1!4m6!14m5!1m4!2m3!1sChZDSUhNMG9nS0VJQ0FnSUNaMHFIa2JnEAE!2m1!1s0x0","sharanagouda patil","https://www.google.com/maps/contrib/106495142131406940465/reviews","false","2","5","There doing nice with care and concern....","",""
"2023-08-15","https://www.google.com/maps/reviews/data=!3m1!4b1!4m6!14m5!1m4!2m3!1sChdDSUhNMG9nS0VJQ0FnSUNaMHNibnJRRRAB!2m1!1s0x0","Sachit Hirapur","https://www.google.com/maps/contrib/114047679555255225347/reviews","false","1","5","","",""
"2023-08-15","https://www.google.com/maps/reviews/data=!3m1!4b1!4m6!14m5!1m4!2m3!1sChZDSUhNMG9nS0VJQ0FnSUNaMHRpU0p3EAE!2m1!1s0x0","Yelleni Ganesh","https://www.google.com/maps/contrib/105555211413022135126/reviews","true","6","5","","",""
"2023-08-15","https://www.google.com/maps/reviews/data=!3m1!4b1!4m6!14m5!1m4!2m3!1sChdDSUhNMG9nS0VJQ0FnSUNadE9yNXdnRRAB!2m1!1s0x0","Hansa Yadav","https://www.google.com/maps/contrib/105588439266290298555/reviews","false","1","5","","",""
"2023-08-15","https://www.google.com/maps/reviews/data=!3m1!4b1!4m6!14m5!1m4!2m3!1sChZDSUhNMG9nS0VJQ0FnSUNaeExfOE53EAE!2m1!1s0x0","Ipsita Jena","https://www.google.com/maps/contrib/105382472244934029602/reviews","false","3","5","I recommended my sister.. to visit.. and it was amazing.. the treatment was done very nicely...","",""
"2023-08-15","https://www.google.com/maps/reviews/data=!3m1!4b1!4m6!14m5!1m4!2m3!1sChZDSUhNMG9nS0VJQ0FnSURwMDZXRmNnEAE!2m1!1s0x0","SAKSHI DESAI","https://www.google.com/maps/contrib/118222925749273392872/reviews","false","1","5","I met with an accident and was in immense pain but Dr. Jyothi made my treatment very painless and smoothly completed the process, now I am back to normal. 100% recommended. A very sweet woman :)","",""
"2023-08-15","https://www.google.com/maps/reviews/data=!3m1!4b1!4m6!14m5!1m4!2m3!1sChZDSUhNMG9nS0VJQ0FnSURwelAzUFFREAE!2m1!1s0x0","Geetha V","https://www.google.com/maps/contrib/114795371881039847238/reviews","false","2","5","Good treatment at affordable cost","",""
"2023-07-15","https://www.google.com/maps/reviews/data=!3m1!4b1!4m6!14m5!1m4!2m3!1sChdDSUhNMG9nS0VJQ0FnSURwNE5TaTdnRRAB!2m1!1s0x0","anagha sarees","https://www.google.com/maps/contrib/112011118213888714821/reviews","false","2","5","Very neat and hygiene, very good treatment with affordable price","",""
"2023-07-15","https://www.google.com/maps/reviews/data=!3m1!4b1!4m6!14m5!1m4!2m3!1sChdDSUhNMG9nS0VJQ0FnSUNwcDVtUDNnRRAB!2m1!1s0x0","Jeena John","https://www.google.com/maps/contrib/106751556225361375935/reviews","false","5","5","Apex Dental clinic is a one stop clinic for all your dental problem, had a very good experience here. The doctor is very professional and approachable. Will surely recommend this clinic to all my friends and family. Thank you Apex Dental clinic.","",""
"2023-07-15","https://www.google.com/maps/reviews/data=!3m1!4b1!4m6!14m5!1m4!2m3!1sChZDSUhNMG9nS0VJQ0FnSUNwbE5EMFNBEAE!2m1!1s0x0","Bharathi Anu","https://www.google.com/maps/contrib/116652425998087357880/reviews","false","2","5","Iam really grateful for being here I was very comfortable  before and after my treatment doctor advises in a very friendly manner to follow thanks a lot mam","",""
"2023-07-15","https://www.google.com/maps/reviews/data=!3m1!4b1!4m6!14m5!1m4!2m3!1sChZDSUhNMG9nS0VJQ0FnSURKbnVPZmFREAE!2m1!1s0x0","Pooja M","https://www.google.com/maps/contrib/105631032180983774607/reviews","false","1","5","Good treatment, hygienic and affordable price","",""
"2023-06-15","https://www.google.com/maps/reviews/data=!3m1!4b1!4m6!14m5!1m4!2m3!1sChdDSUhNMG9nS0VJQ0FnSURKenJQX2t3RRAB!2m1!1s0x0","Gurudutt Kulkarni","https://www.google.com/maps/contrib/106939505661589925518/reviews","false","5","5","Overall a very good experience. I got my third molar removed due to cavity. Everything was done safely. Good hygiene clinic. Doctor was very friendly and cleared all of my doubts.","",""
"2023-06-15","https://www.google.com/maps/reviews/data=!3m1!4b1!4m6!14m5!1m4!2m3!1sChdDSUhNMG9nS0VJQ0FnSURKenZEN2hBRRAB!2m1!1s0x0","Shylaja Prashanth","https://www.google.com/maps/contrib/117310893033912798495/reviews","false","10","5","Doctor is very nice to patientExplains the problem n then treats the patientI highly recommend this clinic","",""
"2023-06-15","https://www.google.com/maps/reviews/data=!3m1!4b1!4m6!14m5!1m4!2m3!1sChZDSUhNMG9nS0VJQ0FnSURKd3I3ZVlBEAE!2m1!1s0x0","Manoj Kumar","https://www.google.com/maps/contrib/105407220581263599526/reviews","true","31","5","Doctor Jyoti is so polite and calm and more importantly examines the problem to the core.Very trustworthy and Expert in her profession.I suggest Apex Dental Clinic for all of the dental problems.","",""
"2023-06-15","https://www.google.com/maps/reviews/data=!3m1!4b1!4m6!14m5!1m4!2m3!1sChdDSUhNMG9nS0VJQ0FnSURKdUtteHZ3RRAB!2m1!1s0x0","Pavan K","https://www.google.com/maps/contrib/115471894533737482320/reviews","false","8","5","Dr. Jyothi Sajjan is a very nice and expert doctor. Her expertise in dental related diagnosis followed by treatment is really excellent. She has paid extra care to my mother who had recently under gone RCT. Personal care, proper diagnosis, listening to patient, value for money and providing better solutions to the problems are highlights in Apex.","",""
"2023-05-15","https://www.google.com/maps/reviews/data=!3m1!4b1!4m6!14m5!1m4!2m3!1sChdDSUhNMG9nS0VJQ0FnSUNKOWJYa3RRRRAB!2m1!1s0x0","Geetha N R","https://www.google.com/maps/contrib/108807999070782359835/reviews","false","2","5","Nice Experience","",""
"2023-05-15","https://www.google.com/maps/reviews/data=!3m1!4b1!4m6!14m5!1m4!2m3!1sChdDSUhNMG9nS0VJQ0FnSUNKcWJfNC1BRRAB!2m1!1s0x0","kalpesh sharma","https://www.google.com/maps/contrib/106778301817665570616/reviews","false","3","5","","",""
"2023-05-15","https://www.google.com/maps/reviews/data=!3m1!4b1!4m6!14m5!1m4!2m3!1sChZDSUhNMG9nS0VJQ0FnSUNKcWFPc0NnEAE!2m1!1s0x0","Nashme Tharakan John","https://www.google.com/maps/contrib/104430297801982985439/reviews","false","2","5","First of all i thank Jyoti ma'am for her generosity talk with my 7 year old daughter, my daughter was so comfortable while treating.. Step by step doctor cleared her tooth decay, she was so happy.. Ma'am also suggested us important point like how to take care of tooth, tq so much ma'am.","https://lh3.googleusercontent.com/grass-cs/ACvplmMI-4uez7k8hCxc9MhpF9YI4oQObREps5BfEUqoj4VyySR2sylMYbdY_frYMua3R2ISfjC0NDdAFjhyos6JxVyMrRobWcH-qJwDhWCaokGRkXlBH9qnVLfOk92AiznHUSkozx6i2g=s157-p-k-rw",""
"2023-05-15","https://www.google.com/maps/reviews/data=!3m1!4b1!4m6!14m5!1m4!2m3!1sChZDSUhNMG9nS0VJQ0FnSUNKenBXY1hREAE!2m1!1s0x0","Sridhar Rao","https://www.google.com/maps/contrib/102410046183692237378/reviews","false","7","5","Very good service. Doctor explain the problem and solution very softly. Good equipment. Post treatment follow up and suggestions are nice.","",""
"2023-04-15","https://www.google.com/maps/reviews/data=!3m1!4b1!4m6!14m5!1m4!2m3!1sChdDSUhNMG9nS0VJQ0FnSUNKOXJQWGlBRRAB!2m1!1s0x0","Rincia Shalom Dsa","https://www.google.com/maps/contrib/116692162204722807989/reviews","false","8","5","Very happy and comfortable 👍🤗I would highly recommend","",""
"2023-04-15","https://www.google.com/maps/reviews/data=!3m1!4b1!4m6!14m5!1m4!2m3!1sChZDSUhNMG9nS0VJQ0FnSUR4NWFyNmR3EAE!2m1!1s0x0","Srikanth India","https://www.google.com/maps/contrib/106698586635701054782/reviews","false","1","5","Got my teeth cleaned n few filings done here... Dr Jyothi was friendly, courteous, professional and advised to only do what was necessary to avoid unwanted expenses... Highly recommended..","",""
"2023-04-15","https://www.google.com/maps/reviews/data=!3m1!4b1!4m6!14m5!1m4!2m3!1sChdDSUhNMG9nS0VJQ0FnSUR4Z2ZIQzhRRRAB!2m1!1s0x0","vikram sajjan","https://www.google.com/maps/contrib/112050253145016194536/reviews","false","1","5","","",""
"2023-04-15","https://www.google.com/maps/reviews/data=!3m1!4b1!4m6!14m5!1m4!2m3!1sChZDSUhNMG9nS0VJQ0FnSUR4Z2JDZ0lREAE!2m1!1s0x0","jyoti warad","https://www.google.com/maps/contrib/110758110116576595011/reviews","false","1","5","","",""
"2023-03-15","https://www.google.com/maps/reviews/data=!3m1!4b1!4m6!14m5!1m4!2m3!1sChdDSUhNMG9nS0VJQ0FnSUR4X3VUTnl3RRAB!2m1!1s0x0","sanjeev sajjan","https://www.google.com/maps/contrib/109825902585746167987/reviews","false","3","5","","",""
"2023-03-15","https://www.google.com/maps/reviews/data=!3m1!4b1!4m6!14m5!1m4!2m3!1sChZDSUhNMG9nS0VJQ0FnSUR4X3NDNkh3EAE!2m1!1s0x0","Veeresh Sajjan","https://www.google.com/maps/contrib/104036915069466316240/reviews","false","5","5","ಅತ್ಯಂತ ಅನುಭವಿ,ಸ್ನೇಹಪರ ಮತ್ತು ಬಡವರಪರ   ವೈದ್ಯರು,ತುಂಬಾ ಆರಾಮದಾಯಕ ಮತ್ತು ಆರೋಗ್ಯಕರ ಚಿಕಿತ್ಸೆ ದೊರೆಯುತ್ತದೆ apex dental and orthodontic ಆಸ್ಪತ್ರೆಯಲ್ಲಿ 🙏🏻","",""
"2023-03-15","https://www.google.com/maps/reviews/data=!3m1!4b1!4m6!14m5!1m4!2m3!1sChdDSUhNMG9nS0VJQ0FnSUR4X3BDQ3B3RRAB!2m1!1s0x0","Suraj Naslapur","https://www.google.com/maps/contrib/113456450737142710571/reviews","true","21","5","Had a great experience here at apex dentalHighly recommended for orthodontic and other treatments as wellDr Jyothi is very patient  skilled and knowledgeableexplained each and every aspect of the treatment and followed us throughout.thank you","",""
"2023-03-15","https://www.google.com/maps/reviews/data=!3m1!4b1!4m6!14m5!1m4!2m3!1sChdDSUhNMG9nS0VJQ0FnSUR4dnItR3dRRRAB!2m1!1s0x0","Dr.Basavaraj Halli","https://www.google.com/maps/contrib/104091462933375972632/reviews","false","3","5","Very good service and doctor is very cooperative and listen patiently about the complaints, provide necessary treatment. I strongly recommend for any dental related issues.","",""
"2023-02-15","https://www.google.com/maps/reviews/data=!3m1!4b1!4m6!14m5!1m4!2m3!1sChdDSUhNMG9nS0VJQ0FnSUR4LUpDUWpBRRAB!2m1!1s0x0","Sowmya Shreesha","https://www.google.com/maps/contrib/102669617396871869769/reviews","false","1","5","I am happy with root canal treatment.","",""
"2023-02-15","https://www.google.com/maps/reviews/data=!3m1!4b1!4m6!14m5!1m4!2m3!1sChdDSUhNMG9nS0VJQ0FnSUR4X05tMXhRRRAB!2m1!1s0x0","Sridharan Damodaran","https://www.google.com/maps/contrib/106236153280969886656/reviews","false","6","5","Very nice and professional.  The doctor is very caring and friendly.","",""
"2023-02-15","https://www.google.com/maps/reviews/data=!3m1!4b1!4m6!14m5!1m4!2m3!1sChZDSUhNMG9nS0VJQ0FnSUR4eUpTbllBEAE!2m1!1s0x0","SHAMALA PRASHANTH","https://www.google.com/maps/contrib/102092025852041356684/reviews","false","2","5","Very good in diagnosing the clients, very happy with the treatment and very happy about the Doctor","",""
"2023-02-15","https://www.google.com/maps/reviews/data=!3m1!4b1!4m6!14m5!1m4!2m3!1sChdDSUhNMG9nS0VJQ0FnSUN4a2V5Wmp3RRAB!2m1!1s0x0","Thrilok N","https://www.google.com/maps/contrib/107344771381693800238/reviews","true","14","5","This is the place where you'll get your treatment at affordable price.","",""
"2023-01-15","https://www.google.com/maps/reviews/data=!3m1!4b1!4m6!14m5!1m4!2m3!1sChdDSUhNMG9nS0VJQ0FnSUN4d2MyN3J3RRAB!2m1!1s0x0","Saran Rajan","https://www.google.com/maps/contrib/100520870399317564269/reviews","false","2","5","Excellent treatment, am completely satisfied the way doctor explaining and addressing the issues.","",""
"2023-01-15","https://www.google.com/maps/reviews/data=!3m1!4b1!4m6!14m5!1m4!2m3!1sChZDSUhNMG9nS0VJQ0FnSUN4NnZtcVpREAE!2m1!1s0x0","Saraswathi Swathi","https://www.google.com/maps/contrib/117947495764660575953/reviews","true","1","5","Nice dental clinic ever","",""
"2023-01-15","https://www.google.com/maps/reviews/data=!3m1!4b1!4m6!14m5!1m4!2m3!1sChdDSUhNMG9nS0VJQ0FnSUN4Z3I3dmhRRRAB!2m1!1s0x0","Jas GST","https://www.google.com/maps/contrib/101146706153658523416/reviews","false","1","5","","",""
"2023-01-15","https://www.google.com/maps/reviews/data=!3m1!4b1!4m6!14m5!1m4!2m3!1sChdDSUhNMG9nS0VJQ0FnSUN4b0t2YnZBRRAB!2m1!1s0x0","Sailendra S G","https://www.google.com/maps/contrib/118444270906494429260/reviews","false","4","5","Treatment was super. Atmosphere in the clinic is best. Recommend for a visit those have dental problems even if they’re chronic.","",""
"2022-12-15","https://www.google.com/maps/reviews/data=!3m1!4b1!4m6!14m5!1m4!2m3!1sChZDSUhNMG9nS0VJQ0FnSURSejZfZVRnEAE!2m1!1s0x0","Shashank S K","https://www.google.com/maps/contrib/108795089740088000201/reviews","false","2","5","A very experienced and friendly doctor, treatment received is very good. Very comfortable and hygienic.My family prefers this clinic over the others.Recommending everyone to go to this clinic, I'm sure you'll be satisfied with the service.","",""
"2022-12-15","https://www.google.com/maps/reviews/data=!3m1!4b1!4m6!14m5!1m4!2m3!1sChdDSUhNMG9nS0VJQ0FnSURSNmRYcC1nRRAB!2m1!1s0x0","Avinash A R","https://www.google.com/maps/contrib/101679308456220320537/reviews","false","6","5","Completely satisfied with my visit, very professional, thorough in explaining and addressing concerns, highly recommend.","",""
"2022-12-15","https://www.google.com/maps/reviews/data=!3m1!4b1!4m6!14m5!1m4!2m3!1sChZDSUhNMG9nS0VJQ0FnSURSX01hT0RBEAE!2m1!1s0x0","girija srinatha","https://www.google.com/maps/contrib/106607148559122291844/reviews","false","4","5","Very good doctor and very much satisfied with the  treatment . I recomend this clinic to all for dental problems.","",""
"2022-12-15","https://www.google.com/maps/reviews/data=!3m1!4b1!4m6!14m5!1m4!2m3!1sChZDSUhNMG9nS0VJQ0FnSUNSdzZLSUVBEAE!2m1!1s0x0","Manjula Shekar","https://www.google.com/maps/contrib/106856276478630724476/reviews","false","2","5","Nice doctor, Treatment with good service and post treatment follow ups are ultimate....Thanks you doctor....","",""
"2022-11-15","https://www.google.com/maps/reviews/data=!3m1!4b1!4m6!14m5!1m4!2m3!1sChZDSUhNMG9nS0VJQ0FnSUNSN3VXQUFnEAE!2m1!1s0x0","Ashoka Wanegaon","https://www.google.com/maps/contrib/104032511997005526026/reviews","false","6","5","Treatment is super and Experienced doctor.Doctor knows how to treat with patient along with bulting the confidence in patient.I am so happy with their treatmentThank you so much.","",""
"2022-11-15","https://www.google.com/maps/reviews/data=!3m1!4b1!4m6!14m5!1m4!2m3!1sChZDSUhNMG9nS0VJQ0FnSUNSN3ZuaGFREAE!2m1!1s0x0","Sheshnath Gupta","https://www.google.com/maps/contrib/115570218590661138476/reviews","true","4","5","Excellent patient treatment by Dentist.Great 👍","",""
"2022-11-15","https://www.google.com/maps/reviews/data=!3m1!4b1!4m6!14m5!1m4!2m3!1sChdDSUhNMG9nS0VJQ0FnSURoX1BXZmx3RRAB!2m1!1s0x0","DIKSHYARANI SAMANTRAY","https://www.google.com/maps/contrib/110310066278334802812/reviews","false","5","5","Hello,,Last month on Feb my teeths suddenly started pain.. couldn't control the pain...went for check up...Dr.jyoti told that my teeth was not well...cavity happened...she suggested me to do Root canal treatment ....i went for treatment..the procedure took 3 visits..she was so polite,,so good,,she handled everything very smoothly...I will highly recommend Dr.jyoti..Thank you","",""
"2022-11-15","https://www.google.com/maps/reviews/data=!3m1!4b1!4m6!14m5!1m4!2m3!1sChdDSUhNMG9nS0VJQ0FnSURoM083dDV3RRAB!2m1!1s0x0","Thomas Mathew","https://www.google.com/maps/contrib/107244085497667498213/reviews","true","147","5","Done my root canal here and fully satisfied.","",""
"2022-10-15","https://www.google.com/maps/reviews/data=!3m1!4b1!4m6!14m5!1m4!2m3!1sChdDSUhNMG9nS0VJQ0FnSURoc0xYY3BBRRAB!2m1!1s0x0","vishwas appu","https://www.google.com/maps/contrib/105735854907451779211/reviews","false","5","5","Doc is very humble and treats patients with a smile must visit if u have any dental problems","",""
"2022-10-15","https://www.google.com/maps/reviews/data=!3m1!4b1!4m6!14m5!1m4!2m3!1sChZDSUhNMG9nS0VJQ0FnSURoMEpiT0F3EAE!2m1!1s0x0","Rathna Shankar","https://www.google.com/maps/contrib/106202729758549427126/reviews","false","5","5","It’s very good treatment","",""
"2022-10-15","https://www.google.com/maps/reviews/data=!3m1!4b1!4m6!14m5!1m4!2m3!1sChdDSUhNMG9nS0VJQ0FnSUNoN19uODNBRRAB!2m1!1s0x0","Padana dhapra","https://www.google.com/maps/contrib/117973341041795379984/reviews","false","8","5","Dr.Jyothi madam is very professional dentist and she is a well experienced dentist who shows genuine care for her patients and provides long-term oral health advice. I took my wife for consultation & filling treatment , Firstly you feel very comfortable to talking her and Dr. Explain the procedure very well about the treatment which you undergo and treatment is done with utmost care and the cost is reasonable..Amazingly clean environment and very hygien clinic and you feel the environment is good..Best Dental clinic near in and around MS palya and Shambram college and Lakshmi pura surrounding areas. I strongly recommended this to anyone who seeking dental solution should visit Apex Dental clinic and opt for Dr. Jyothi sajjan service.","",""
"2022-10-15","https://www.google.com/maps/reviews/data=!3m1!4b1!4m6!14m5!1m4!2m3!1sChdDSUhNMG9nS0VJQ0FnSUNocjhXYnVRRRAB!2m1!1s0x0","Sanjay chandrakant Salunkhe","https://www.google.com/maps/contrib/116388088188684120760/reviews","false","8","5","I did root canal treatment.. treatment was painless .. Overall I am happy with my treatment...","",""
"2022-09-15","https://www.google.com/maps/reviews/data=!3m1!4b1!4m6!14m5!1m4!2m3!1sChZDSUhNMG9nS0VJQ0FnSUNoeDZyR1N3EAE!2m1!1s0x0","Sumalath N","https://www.google.com/maps/contrib/108628615469967809498/reviews","false","1","5","Good treatment  good care good and clean equipment.  Reasonable price totally  very good","",""
"2022-09-15","https://www.google.com/maps/reviews/data=!3m1!4b1!4m6!14m5!1m4!2m3!1sChZDSUhNMG9nS0VJQ0FnSUNoczRMU1pBEAE!2m1!1s0x0","dr tausif jahagirdar","https://www.google.com/maps/contrib/111799117719774991360/reviews","false","1","5","","",""
"2022-09-15","https://www.google.com/maps/reviews/data=!3m1!4b1!4m6!14m5!1m4!2m3!1sChdDSUhNMG9nS0VJQ0FnSUNoaGNHSmp3RRAB!2m1!1s0x0","Chandana S","https://www.google.com/maps/contrib/115230813298302972341/reviews","false","3","5","Treatment is good, reasonable price and Nice ambience. Doctor listen to the patient very patiently and treated good.","",""
"2022-09-15","https://www.google.com/maps/reviews/data=!3m1!4b1!4m6!14m5!1m4!2m3!1sChdDSUhNMG9nS0VJQ0FnSUNobnB5MG5nRRAB!2m1!1s0x0","Ranjith Ranjith","https://www.google.com/maps/contrib/112388090412103220875/reviews","false","11","5","Jyoti, is very professional dentist. I did root canal treatment and she used latest equipments to treat..Very clean and hygiene place...!!!","",""
"2022-08-15","https://www.google.com/maps/reviews/data=!3m1!4b1!4m6!14m5!1m4!2m3!1sChdDSUhNMG9nS0VJQ0FnSUNoeHBLWDV3RRAB!2m1!1s0x0","sandeep SHN","https://www.google.com/maps/contrib/101997191456603322604/reviews","true","11","5","Dr Jyothi is very knowledgeable professional.Got my scaling done at ease and affordable price .","",""
"2022-08-15","https://www.google.com/maps/reviews/data=!3m1!4b1!4m6!14m5!1m4!2m3!1sChZDSUhNMG9nS0VJQ0FnSURCNy1qb0NnEAE!2m1!1s0x0","Malli Jalligeri","https://www.google.com/maps/contrib/118269057879726476060/reviews","false","7","5","One of the best dental clinics I have ever visited. Amazingly clean environment and hygienic equipment. Dr. Jyoti Sajjan is a well experienced dentist who shows genuine care for her patients and provides long-term oral health advice.I recommend this to anyone seeking dental solutions.","",""
"2022-08-15","https://www.google.com/maps/reviews/data=!3m1!4b1!4m6!14m5!1m4!2m3!1sChdDSUhNMG9nS0VJQ0FnSURCd0tfTHZRRRAB!2m1!1s0x0","Madhan mohan reddy","https://www.google.com/maps/contrib/110872333355903174953/reviews","false","4","5","Best 👍","",""